1,0.857,0.032,0.083,0.96,0.845,0.789,0.723,0.683,0.664,0.677,0.723,0.784,0.82,0.841,0.849,0.836,0.829,0.819,0.821,0.833,0.912,0.963,0.96,0.925,0.878,0.822,0.794,0.787,0.839,-0.053,-0.1,0.018,1.258,0.86,0.18,0.802,0.786,0.746,0.709,0.665,0.652,0.639,0.638,-0.08,-0.162,-0.024,-3.6,0.33,0.18,0.755
1,1,0.065,0.083,0.96,0.802,0.786,0.746,0.709,0.665,0.652,0.639,0.638,0.65,0.69,0.714,0.723,0.722,0.718,0.712,0.717,0.78,0.805,0.803,0.806,0.794,0.781,0.783,0.774,0.755,-0.08,-0.162,-0.024,-3.6,0.33,0.18,0.781,0.732,0.686,0.651,0.632,0.634,0.646,0.671,-0.064,-0.1,-0.033,-3.6,1,0.38,0.771
1,0.143,0.097,0.083,0.96,0.781,0.732,0.686,0.651,0.632,0.634,0.646,0.671,0.702,0.735,0.761,0.769,0.776,0.769,0.754,0.762,0.814,0.832,0.817,0.828,0.821,0.811,0.805,0.797,0.771,-0.064,-0.1,-0.033,-3.6,1,0.38,0.804,0.757,0.708,0.677,0.652,0.653,0.67,0.683,-0.173,-0.222,-0.116,-3.133,1,0.64,0.806
0,0.286,0.129,0.083,0.96,0.804,0.757,0.708,0.677,0.652,0.653,0.67,0.683,0.726,0.77,0.799,0.81,0.809,0.805,0.792,0.795,0.84,0.867,0.872,0.877,0.864,0.86,0.862,0.85,0.806,-0.173,-0.222,-0.116,-3.133,1,0.64,0.837,0.782,0.74,0.703,0.686,0.705,0.759,0.794,-0.167,-0.256,-0.1,-5.8,0.96,0.46,0.874
0,0.429,0.161,0.083,0.96,0.837,0.782,0.74,0.703,0.686,0.705,0.759,0.794,0.83,0.88,0.899,0.886,0.893,0.883,0.873,0.869,0.925,0.955,0.954,0.942,0.926,0.902,0.897,0.883,0.874,-0.167,-0.256,-0.1,-5.8,0.96,0.46,0.86,0.806,0.752,0.711,0.706,0.712,0.76,0.802,-0.042,-0.111,0.009,-6.707,0.84,0.21,0.867
1,0.571,0.194,0.083,0.96,0.86,0.806,0.752,0.711,0.706,0.712,0.76,0.802,0.821,0.86,0.862,0.85,0.844,0.852,0.832,0.838,0.905,0.937,0.949,0.943,0.932,0.911,0.902,0.879,0.867,-0.042,-0.111,0.009,-6.707,0.84,0.21,0.85,0.786,0.732,0.686,0.679,0.696,0.742,0.787,0.053,0.004,0.111,-4.226,0.92,0.32,0.849
1,0.714,0.226,0.083,0.96,0.85,0.786,0.732,0.686,0.679,0.696,0.742,0.787,0.838,0.865,0.882,0.872,0.869,0.87,0.862,0.869,0.916,0.915,0.895,0.868,0.852,0.833,0.829,0.819,0.849,0.053,0.004,0.111,-4.226,0.92,0.32,0.788,0.739,0.688,0.656,0.638,0.649,0.674,0.714,0.009,-0.02,0.022,-0.816,0.85,0.42,0.761
0,0.857,0.258,0.083,0.96,0.788,0.739,0.688,0.656,0.638,0.649,0.674,0.714,0.764,0.819,0.791,0.79,0.774,0.732,0.698,0.69,0.732,0.766,0.777,0.774,0.78,0.777,0.777,0.773,0.761,0.009,-0.02,0.022,-0.816,0.85,0.42,0.772,0.718,0.674,0.657,0.631,0.642,0.684,0.732,0.049,-0.033,0.127,-0.155,0.5,0.22,0.781
0,1,0.29,0.083,0.96,0.772,0.718,0.674,0.657,0.631,0.642,0.684,0.732,0.767,0.793,0.785,0.781,0.76,0.752,0.741,0.746,0.805,0.848,0.852,0.846,0.83,0.81,0.802,0.787,0.781,0.049,-0.033,0.127,-0.155,0.5,0.22,0.784,0.736,0.688,0.656,0.642,0.631,0.65,0.685,0.182,0.067,0.244,1.184,0.9,0.28,0.756
0,0.143,0.323,0.083,0.96,0.784,0.736,0.688,0.656,0.642,0.631,0.65,0.685,0.723,0.752,0.761,0.764,0.748,0.737,0.721,0.719,0.768,0.803,0.804,0.795,0.786,0.767,0.763,0.75,0.756,0.182,0.067,0.244,1.184,0.9,0.28,0.752,0.715,0.657,0.624,0.605,0.596,0.601,0.626,0.24,0.202,0.278,4.945,0.82,0.25,0.742
0,0.286,0.355,0.083,0.96,0.752,0.715,0.657,0.624,0.605,0.596,0.601,0.626,0.668,0.715,0.748,0.759,0.76,0.748,0.725,0.72,0.756,0.803,0.802,0.801,0.801,0.783,0.773,0.769,0.742,0.24,0.202,0.278,4.945,0.82,0.25,0.751,0.692,0.638,0.604,0.594,0.619,0.685,0.741,0.336,0.227,0.413,8.077,0.64,0.38,0.756
0,0.429,0.387,0.083,0.96,0.751,0.692,0.638,0.604,0.594,0.619,0.685,0.741,0.771,0.779,0.765,0.752,0.734,0.728,0.723,0.73,0.784,0.825,0.823,0.812,0.796,0.778,0.768,0.744,0.756,0.336,0.227,0.413,8.077,0.64,0.38,0.734,0.668,0.621,0.576,0.581,0.595,0.67,0.73,0.213,0.142,0.387,11.794,0.6,0.28,0.749
0,0.571,0.419,0.083,0.96,0.734,0.668,0.621,0.576,0.581,0.595,0.67,0.73,0.751,0.758,0.757,0.752,0.736,0.721,0.706,0.711,0.772,0.825,0.829,0.818,0.811,0.796,0.788,0.769,0.749,0.213,0.142,0.387,11.794,0.6,0.28,0.744,0.685,0.638,0.61,0.604,0.616,0.694,0.747,0.131,0.08,0.231,10.845,0.43,0.18,0.779
0,0.714,0.452,0.083,0.96,0.744,0.685,0.638,0.61,0.604,0.616,0.694,0.747,0.77,0.778,0.775,0.784,0.77,0.777,0.772,0.76,0.812,0.862,0.872,0.872,0.849,0.816,0.789,0.772,0.779,0.131,0.08,0.231,10.845,0.43,0.18,0.766,0.728,0.68,0.656,0.631,0.636,0.701,0.74,0.136,0.049,0.222,8.432,0.32,0.28,0.771
0,0.857,0.484,0.083,0.96,0.766,0.728,0.68,0.656,0.631,0.636,0.701,0.74,0.757,0.76,0.751,0.746,0.745,0.731,0.715,0.729,0.793,0.841,0.838,0.849,0.824,0.801,0.792,0.782,0.771,0.136,0.049,0.222,8.432,0.32,0.28,0.761,0.712,0.656,0.624,0.611,0.632,0.703,0.766,0.111,0.044,0.178,7.232,0.92,0.24,0.793
0,1,0.516,0.083,0.96,0.761,0.712,0.656,0.624,0.611,0.632,0.703,0.766,0.792,0.816,0.815,0.813,0.812,0.799,0.783,0.795,0.837,0.849,0.864,0.85,0.826,0.808,0.798,0.786,0.793,0.111,0.044,0.178,7.232,0.92,0.24,0.773,0.731,0.679,0.648,0.626,0.626,0.659,0.698,0.033,0.004,0.071,6.023,0.94,0.2,0.785
0,0.143,0.548,0.083,0.96,0.773,0.731,0.679,0.648,0.626,0.626,0.659,0.698,0.745,0.776,0.788,0.801,0.796,0.79,0.783,0.786,0.823,0.856,0.852,0.844,0.838,0.811,0.802,0.795,0.785,0.033,0.004,0.071,6.023,0.94,0.2,0.791,0.746,0.694,0.656,0.636,0.632,0.647,0.668,-0.051,-0.08,0.004,3.542,1,0.36,0.797
1,0.286,0.581,0.083,0.96,0.791,0.746,0.694,0.656,0.636,0.632,0.647,0.668,0.708,0.763,0.801,0.812,0.807,0.803,0.789,0.786,0.823,0.862,0.874,0.874,0.873,0.863,0.855,0.841,0.797,-0.051,-0.08,0.004,3.542,1,0.36,0.819,0.774,0.721,0.691,0.679,0.703,0.775,0.838,-0.064,-0.102,-0.029,0.429,0.8,0.35,0.864
1,0.429,0.613,0.083,0.96,0.819,0.774,0.721,0.691,0.679,0.703,0.775,0.838,0.864,0.886,0.876,0.87,0.864,0.85,0.843,0.838,0.887,0.925,0.941,0.939,0.922,0.9,0.891,0.873,0.864,-0.064,-0.102,-0.029,0.429,0.8,0.35,0.862,0.805,0.756,0.724,0.712,0.733,0.792,0.853,-0.071,-0.133,0.002,-1.377,0.19,0.21,0.867
1,0.571,0.645,0.083,0.96,0.862,0.805,0.756,0.724,0.712,0.733,0.792,0.853,0.871,0.87,0.849,0.848,0.837,0.83,0.812,0.803,0.864,0.922,0.94,0.936,0.923,0.907,0.898,0.878,0.867,-0.071,-0.133,0.002,-1.377,0.19,0.21,0.862,0.806,0.756,0.73,0.715,0.733,0.797,0.855,-0.062,-0.178,0.107,-2.439,0.1,0.13,0.86
0,0.714,0.677,0.083,0.96,0.862,0.806,0.756,0.73,0.715,0.733,0.797,0.855,0.88,0.89,0.89,0.874,0.855,0.841,0.801,0.776,0.84,0.898,0.907,0.899,0.879,0.86,0.867,0.863,0.86,-0.062,-0.178,0.107,-2.439,0.1,0.13,0.852,0.799,0.748,0.725,0.707,0.725,0.792,0.85,-0.016,-0.067,0.06,-2.745,0.58,0.17,0.872
0,0.857,0.71,0.083,0.96,0.852,0.799,0.748,0.725,0.707,0.725,0.792,0.85,0.886,0.898,0.891,0.882,0.87,0.853,0.836,0.834,0.879,0.924,0.927,0.926,0.905,0.885,0.878,0.868,0.872,-0.016,-0.067,0.06,-2.745,0.58,0.17,0.849,0.801,0.749,0.728,0.713,0.726,0.802,0.858,-0.076,-0.131,0.011,-1.758,0.07,0.16,0.87
0,1,0.742,0.083,0.96,0.849,0.801,0.749,0.728,0.713,0.726,0.802,0.858,0.878,0.888,0.879,0.869,0.854,0.842,0.822,0.822,0.863,0.929,0.94,0.922,0.917,0.89,0.882,0.88,0.87,-0.076,-0.131,0.011,-1.758,0.07,0.16,0.866,0.817,0.769,0.738,0.718,0.73,0.748,0.795,-0.076,-0.153,0.011,-2.597,0.26,0.11,0.86
0,0.143,0.774,0.083,0.96,0.866,0.817,0.769,0.738,0.718,0.73,0.748,0.795,0.846,0.87,0.873,0.867,0.86,0.847,0.828,0.824,0.861,0.915,0.906,0.908,0.898,0.869,0.863,0.854,0.86,-0.076,-0.153,0.011,-2.597,0.26,0.11,0.855,0.808,0.754,0.72,0.696,0.692,0.703,0.731,-0.04,-0.089,-0.02,-3.006,0.93,0.14,0.84
0,0.286,0.806,0.083,0.96,0.855,0.808,0.754,0.72,0.696,0.692,0.703,0.731,0.773,0.812,0.854,0.866,0.863,0.845,0.817,0.809,0.84,0.879,0.894,0.897,0.896,0.876,0.866,0.852,0.84,-0.04,-0.089,-0.02,-3.006,0.93,0.14,0.833,0.776,0.724,0.696,0.687,0.708,0.778,0.849,0.049,-0.033,0.144,-2.381,0.89,0.16,0.855
0,0.429,0.839,0.083,0.96,0.833,0.776,0.724,0.696,0.687,0.708,0.778,0.849,0.878,0.885,0.874,0.866,0.853,0.83,0.817,0.816,0.854,0.914,0.924,0.917,0.899,0.873,0.857,0.843,0.855,0.049,-0.033,0.144,-2.381,0.89,0.16,0.827,0.772,0.726,0.702,0.681,0.7,0.772,0.831,0.098,0.051,0.149,-0.01,0.97,0.16,0.846
0,0.571,0.871,0.083,0.96,0.827,0.772,0.726,0.702,0.681,0.7,0.772,0.831,0.856,0.864,0.859,0.86,0.852,0.834,0.818,0.814,0.852,0.904,0.906,0.899,0.887,0.866,0.843,0.824,0.846,0.098,0.051,0.149,-0.01,0.97,0.16,0.808,0.747,0.698,0.67,0.654,0.684,0.742,0.796,0.178,0.084,0.362,2.277,0.2,0.12,0.8
0,0.714,0.903,0.083,0.96,0.808,0.747,0.698,0.67,0.654,0.684,0.742,0.796,0.813,0.825,0.804,0.794,0.775,0.754,0.741,0.731,0.775,0.847,0.862,0.855,0.844,0.828,0.812,0.805,0.8,0.178,0.084,0.362,2.277,0.2,0.12,0.777,0.725,0.678,0.646,0.635,0.664,0.733,0.785,0.22,0.12,0.373,5.323,0.3,0.14,0.787
0,0.857,0.935,0.083,0.96,0.777,0.725,0.678,0.646,0.635,0.664,0.733,0.785,0.807,0.808,0.8,0.785,0.764,0.746,0.727,0.726,0.764,0.839,0.857,0.848,0.836,0.818,0.8,0.788,0.787,0.22,0.12,0.373,5.323,0.3,0.14,0.762,0.711,0.66,0.626,0.618,0.638,0.708,0.76,0.198,0.124,0.282,7.826,0.56,0.13,0.771
0,1,0.968,0.083,0.96,0.762,0.711,0.66,0.626,0.618,0.638,0.708,0.76,0.772,0.785,0.783,0.784,0.775,0.753,0.733,0.731,0.764,0.824,0.84,0.823,0.813,0.793,0.778,0.761,0.771,0.198,0.124,0.282,7.826,0.56,0.13,0.754,0.702,0.656,0.623,0.6,0.614,0.64,0.686,0.2,0.071,0.311,8.535,0.44,0.23,0.743
0,0.143,1,0.083,0.96,0.754,0.702,0.656,0.623,0.6,0.614,0.64,0.686,0.722,0.758,0.754,0.75,0.742,0.724,0.713,0.7,0.742,0.797,0.811,0.8,0.785,0.77,0.753,0.747,0.743,0.2,0.071,0.311,8.535,0.44,0.23,0.734,0.69,0.633,0.593,0.579,0.581,0.594,0.614,0.218,0.12,0.304,8.877,0.92,0.32,0.718
0,0.286,0.032,0.167,0.96,0.734,0.69,0.633,0.593,0.579,0.581,0.594,0.614,0.658,0.706,0.727,0.744,0.729,0.722,0.7,0.693,0.722,0.768,0.783,0.781,0.778,0.752,0.744,0.722,0.718,0.218,0.12,0.304,8.877,0.92,0.32,0.714,0.663,0.612,0.582,0.573,0.594,0.665,0.72,0.2,0.109,0.318,9.426,0.6,0.2,0.743
0,0.429,0.065,0.167,0.96,0.714,0.663,0.612,0.582,0.573,0.594,0.665,0.72,0.753,0.774,0.776,0.77,0.754,0.73,0.712,0.709,0.731,0.8,0.812,0.818,0.805,0.77,0.754,0.746,0.743,0.2,0.109,0.318,9.426,0.6,0.2,0.72,0.664,0.612,0.577,0.574,0.596,0.658,0.706,0.271,0.178,0.376,9.229,0.49,0.18,0.723
0,0.571,0.097,0.167,0.96,0.72,0.664,0.612,0.577,0.574,0.596,0.658,0.706,0.733,0.736,0.72,0.705,0.693,0.678,0.675,0.681,0.722,0.794,0.805,0.803,0.789,0.756,0.747,0.729,0.723,0.271,0.178,0.376,9.229,0.49,0.18,0.704,0.653,0.596,0.57,0.566,0.588,0.655,0.698,0.276,0.191,0.364,10.752,0.78,0.21,0.72
0,0.714,0.129,0.167,0.96,0.704,0.653,0.596,0.57,0.566,0.588,0.655,0.698,0.73,0.736,0.732,0.722,0.71,0.69,0.68,0.681,0.71,0.789,0.802,0.789,0.778,0.764,0.744,0.717,0.72,0.276,0.191,0.364,10.752,0.78,0.21,0.706,0.66,0.615,0.58,0.571,0.602,0.658,0.719,0.096,0.038,0.147,11.632,0.84,0.32,0.759
0,0.857,0.161,0.167,0.96,0.706,0.66,0.615,0.58,0.571,0.602,0.658,0.719,0.759,0.781,0.783,0.79,0.78,0.766,0.76,0.749,0.772,0.828,0.838,0.83,0.816,0.804,0.775,0.761,0.759,0.096,0.038,0.147,11.632,0.84,0.32,0.747,0.694,0.649,0.628,0.617,0.629,0.694,0.753,0.053,0.004,0.104,7.89,0.71,0.22,0.781
0,1,0.194,0.167,0.96,0.747,0.694,0.649,0.628,0.617,0.629,0.694,0.753,0.778,0.798,0.792,0.795,0.79,0.779,0.771,0.772,0.79,0.84,0.851,0.849,0.832,0.807,0.786,0.776,0.781,0.053,0.004,0.104,7.89,0.71,0.22,0.762,0.715,0.666,0.633,0.628,0.631,0.651,0.703,0.102,-0.011,0.233,5.026,0.02,0.22,0.751
0,0.143,0.226,0.167,0.96,0.762,0.715,0.666,0.633,0.628,0.631,0.651,0.703,0.734,0.764,0.75,0.76,0.744,0.723,0.706,0.698,0.723,0.8,0.827,0.819,0.807,0.784,0.757,0.75,0.751,0.102,-0.011,0.233,5.026,0.02,0.22,0.744,0.7,0.646,0.616,0.595,0.597,0.612,0.639,0.169,0.067,0.298,4.742,0.4,0.43,0.725
0,0.286,0.258,0.167,0.96,0.744,0.7,0.646,0.616,0.595,0.597,0.612,0.639,0.682,0.719,0.733,0.736,0.718,0.703,0.679,0.664,0.692,0.764,0.787,0.797,0.79,0.78,0.765,0.761,0.725,0.169,0.067,0.298,4.742,0.4,0.43,0.73,0.687,0.637,0.6,0.603,0.631,0.692,0.756,0.218,0.12,0.347,6.097,0.41,0.36,0.754
0,0.429,0.29,0.167,0.96,0.73,0.687,0.637,0.6,0.603,0.631,0.692,0.756,0.777,0.774,0.762,0.751,0.741,0.721,0.713,0.703,0.727,0.802,0.83,0.825,0.808,0.791,0.78,0.752,0.754,0.218,0.12,0.347,6.097,0.41,0.36,0.729,0.678,0.63,0.599,0.586,0.608,0.67,0.721,0.309,0.213,0.431,7.906,0.43,0.31,0.723
0,0.571,0.323,0.167,0.96,0.729,0.678,0.63,0.599,0.586,0.608,0.67,0.721,0.742,0.739,0.711,0.699,0.681,0.667,0.66,0.662,0.692,0.772,0.806,0.808,0.785,0.762,0.75,0.724,0.723,0.309,0.213,0.431,7.906,0.43,0.31,0.708,0.652,0.608,0.58,0.571,0.598,0.664,0.702,0.213,0.129,0.347,11.058,0.88,0.5,0.738
0,0.714,0.355,0.167,0.96,0.708,0.652,0.608,0.58,0.571,0.598,0.664,0.702,0.729,0.74,0.728,0.729,0.733,0.732,0.725,0.726,0.757,0.808,0.823,0.819,0.798,0.782,0.763,0.748,0.738,0.213,0.129,0.347,11.058,0.88,0.5,0.722,0.674,0.627,0.601,0.59,0.611,0.674,0.729,0.16,0.064,0.28,10.445,0.39,0.22,0.744
0,0.857,0.387,0.167,0.96,0.722,0.674,0.627,0.601,0.59,0.611,0.674,0.729,0.747,0.747,0.736,0.737,0.723,0.712,0.7,0.697,0.733,0.799,0.827,0.829,0.81,0.794,0.781,0.757,0.744,0.16,0.064,0.28,10.445,0.39,0.22,0.732,0.68,0.628,0.602,0.595,0.615,0.678,0.732,0.18,0.1,0.287,8.865,0.48,0.38,0.737
0,1,0.419,0.167,0.96,0.732,0.68,0.628,0.602,0.595,0.615,0.678,0.732,0.742,0.746,0.728,0.723,0.714,0.715,0.696,0.694,0.715,0.776,0.816,0.811,0.796,0.766,0.757,0.742,0.737,0.18,0.1,0.287,8.865,0.48,0.38,0.723,0.684,0.631,0.599,0.595,0.596,0.618,0.669,0.178,0.107,0.298,8.49,0.7,0.42,0.734
0,0.143,0.452,0.167,0.96,0.723,0.684,0.631,0.599,0.595,0.596,0.618,0.669,0.718,0.755,0.771,0.772,0.758,0.75,0.723,0.698,0.71,0.771,0.795,0.798,0.79,0.756,0.736,0.721,0.734,0.178,0.107,0.298,8.49,0.7,0.42,0.708,0.658,0.611,0.576,0.567,0.565,0.578,0.606,0.296,0.12,0.442,8.216,0.64,0.34,0.665
1,0.286,0.484,0.167,0.96,0.708,0.658,0.611,0.576,0.567,0.565,0.578,0.606,0.637,0.66,0.668,0.669,0.653,0.631,0.616,0.616,0.639,0.695,0.721,0.718,0.712,0.686,0.676,0.659,0.665,0.296,0.12,0.442,8.216,0.64,0.34,0.648,0.604,0.547,0.521,0.509,0.516,0.548,0.584,0.336,0.238,0.471,10.748,0.7,0.35,0.638
1,0.429,0.516,0.167,0.96,0.648,0.604,0.547,0.521,0.509,0.516,0.548,0.584,0.628,0.654,0.647,0.637,0.624,0.615,0.608,0.604,0.612,0.672,0.714,0.712,0.703,0.68,0.657,0.649,0.638,0.336,0.238,0.471,10.748,0.7,0.35,0.643,0.597,0.54,0.516,0.499,0.512,0.535,0.592,0.202,0.171,0.224,13.013,1,0.2,0.675
0,0.571,0.548,0.167,0.96,0.643,0.597,0.54,0.516,0.499,0.512,0.535,0.592,0.642,0.679,0.682,0.697,0.69,0.683,0.672,0.668,0.688,0.739,0.78,0.781,0.762,0.75,0.714,0.693,0.675,0.202,0.171,0.224,13.013,1,0.2,0.656,0.62,0.563,0.54,0.532,0.563,0.636,0.702,0.238,0.173,0.329,11.087,0.84,0.61,0.697
0,0.714,0.581,0.167,0.96,0.656,0.62,0.563,0.54,0.532,0.563,0.636,0.702,0.721,0.719,0.703,0.699,0.688,0.675,0.656,0.648,0.668,0.746,0.783,0.788,0.77,0.75,0.73,0.703,0.697,0.238,0.173,0.329,11.087,0.84,0.61,0.668,0.63,0.579,0.548,0.548,0.574,0.644,0.702,0.189,0.158,0.233,10.935,0.97,0.68,0.728
0,0.857,0.613,0.167,0.96,0.668,0.63,0.579,0.548,0.548,0.574,0.644,0.702,0.723,0.74,0.748,0.759,0.76,0.743,0.722,0.714,0.741,0.788,0.806,0.807,0.792,0.77,0.751,0.73,0.728,0.189,0.158,0.233,10.935,0.97,0.68,0.714,0.661,0.608,0.587,0.584,0.604,0.672,0.725,0.164,0.14,0.24,9.726,0.95,0.36,0.734
0,1,0.645,0.167,0.96,0.714,0.661,0.608,0.587,0.584,0.604,0.672,0.725,0.741,0.76,0.749,0.752,0.741,0.726,0.712,0.701,0.73,0.779,0.802,0.8,0.781,0.758,0.741,0.706,0.734,0.164,0.14,0.24,9.726,0.95,0.36,0.707,0.661,0.614,0.582,0.574,0.576,0.594,0.639,0.138,0.109,0.198,8.468,0.64,0.16,0.713
0,0.143,0.677,0.167,0.96,0.707,0.661,0.614,0.582,0.574,0.576,0.594,0.639,0.692,0.715,0.724,0.725,0.728,0.719,0.699,0.691,0.696,0.753,0.79,0.786,0.773,0.744,0.734,0.716,0.713,0.138,0.109,0.198,8.468,0.64,0.16,0.713,0.67,0.619,0.577,0.561,0.562,0.575,0.613,0.187,0.087,0.276,7.19,0.65,0.24,0.694
0,0.286,0.71,0.167,0.96,0.713,0.67,0.619,0.577,0.561,0.562,0.575,0.613,0.644,0.679,0.7,0.701,0.702,0.687,0.666,0.654,0.673,0.712,0.757,0.762,0.759,0.748,0.74,0.727,0.694,0.187,0.087,0.276,7.19,0.65,0.24,0.676,0.633,0.591,0.558,0.556,0.572,0.649,0.714,0.298,0.133,0.464,7.784,0.051,0.16,0.696
0,0.429,0.742,0.167,0.96,0.676,0.633,0.591,0.558,0.556,0.572,0.649,0.714,0.718,0.718,0.694,0.677,0.662,0.641,0.624,0.634,0.66,0.734,0.784,0.784,0.764,0.746,0.732,0.709,0.696,0.298,0.133,0.464,7.784,0.051,0.16,0.675,0.632,0.574,0.559,0.556,0.568,0.634,0.692,0.309,0.267,0.364,10.635,0.81,0.14,0.701
0,0.571,0.774,0.167,0.96,0.675,0.632,0.574,0.559,0.556,0.568,0.634,0.692,0.707,0.708,0.722,0.706,0.718,0.676,0.663,0.66,0.685,0.734,0.774,0.78,0.766,0.74,0.732,0.706,0.701,0.309,0.267,0.364,10.635,0.81,0.14,0.684,0.626,0.582,0.558,0.561,0.575,0.651,0.708,0.149,0.067,0.238,12.355,0.69,0.27,0.72
0,0.714,0.806,0.167,0.96,0.684,0.626,0.582,0.558,0.561,0.575,0.651,0.708,0.727,0.732,0.73,0.73,0.729,0.704,0.689,0.685,0.706,0.752,0.801,0.801,0.794,0.77,0.756,0.738,0.72,0.149,0.067,0.238,12.355,0.69,0.27,0.707,0.655,0.613,0.58,0.581,0.603,0.668,0.722,0.118,0.036,0.26,9.516,0.56,0.37,0.724
0,0.857,0.839,0.167,0.96,0.707,0.655,0.613,0.58,0.581,0.603,0.668,0.722,0.732,0.728,0.714,0.718,0.7,0.702,0.68,0.678,0.704,0.761,0.803,0.803,0.788,0.777,0.746,0.72,0.724,0.118,0.036,0.26,9.516,0.56,0.37,0.692,0.648,0.602,0.566,0.566,0.592,0.652,0.726,0.109,0.087,0.202,7.394,0.95,0.24,0.741
0,1,0.871,0.167,0.96,0.692,0.648,0.602,0.566,0.566,0.592,0.652,0.726,0.749,0.762,0.758,0.767,0.757,0.764,0.742,0.742,0.748,0.786,0.818,0.823,0.804,0.763,0.744,0.722,0.741,0.109,0.087,0.202,7.394,0.95,0.24,0.71,0.66,0.616,0.583,0.573,0.585,0.605,0.65,0.153,0.073,0.26,6.09,0.62,0.31,0.706
0,0.143,0.903,0.167,0.96,0.71,0.66,0.616,0.583,0.573,0.585,0.605,0.65,0.698,0.716,0.712,0.716,0.706,0.692,0.677,0.661,0.667,0.742,0.787,0.785,0.764,0.74,0.718,0.71,0.706,0.153,0.073,0.26,6.09,0.62,0.31,0.693,0.644,0.606,0.57,0.555,0.556,0.56,0.598,0.2,0.144,0.282,6.39,0.86,0.62,0.687
0,0.286,0.935,0.167,0.96,0.693,0.644,0.606,0.57,0.555,0.556,0.56,0.598,0.638,0.679,0.698,0.7,0.695,0.683,0.66,0.651,0.662,0.702,0.764,0.767,0.763,0.748,0.733,0.716,0.687,0.2,0.144,0.282,6.39,0.86,0.62,0.679,0.634,0.583,0.544,0.558,0.57,0.65,0.712,0.242,0.187,0.353,7.616,0.96,0.62,0.71
0,0.429,0.032,0.25,0.96,0.679,0.634,0.583,0.544,0.558,0.57,0.65,0.712,0.72,0.726,0.714,0.707,0.698,0.689,0.68,0.686,0.713,0.76,0.795,0.792,0.777,0.75,0.733,0.704,0.71,0.242,0.187,0.353,7.616,0.96,0.62,0.683,0.631,0.577,0.556,0.552,0.58,0.641,0.689,0.193,0.124,0.311,9.326,0.65,0.23,0.699
0,0.571,0.065,0.25,0.96,0.683,0.631,0.577,0.556,0.552,0.58,0.641,0.689,0.698,0.701,0.684,0.687,0.674,0.665,0.66,0.66,0.686,0.728,0.791,0.791,0.779,0.756,0.737,0.704,0.699,0.193,0.124,0.311,9.326,0.65,0.23,0.693,0.644,0.598,0.564,0.565,0.59,0.653,0.71,0.133,0.078,0.233,9.068,0.55,0.2,0.709
0,0.714,0.097,0.25,0.96,0.693,0.644,0.598,0.564,0.565,0.59,0.653,0.71,0.725,0.719,0.706,0.701,0.686,0.674,0.657,0.646,0.666,0.723,0.802,0.799,0.79,0.768,0.75,0.724,0.709,0.133,0.078,0.233,9.068,0.55,0.2,0.694,0.65,0.594,0.573,0.576,0.596,0.666,0.723,0.204,0.084,0.331,7.552,0.68,0.42,0.72
0,0.857,0.129,0.25,0.96,0.694,0.65,0.594,0.573,0.576,0.596,0.666,0.723,0.73,0.724,0.711,0.704,0.69,0.685,0.669,0.682,0.708,0.757,0.811,0.81,0.801,0.773,0.745,0.727,0.72,0.204,0.084,0.331,7.552,0.68,0.42,0.702,0.644,0.601,0.576,0.571,0.601,0.662,0.718,0.122,0.098,0.184,8.413,1,0.43,0.741
1,1,0.161,0.25,0.96,0.702,0.644,0.601,0.576,0.571,0.601,0.662,0.718,0.734,0.746,0.742,0.746,0.739,0.733,0.729,0.73,0.756,0.796,0.826,0.825,0.813,0.794,0.757,0.742,0.741,0.122,0.098,0.184,8.413,1,0.43,0.715,0.665,0.617,0.591,0.578,0.594,0.615,0.658,0.22,0.082,0.342,6.9,0.65,0.28,0.68
0,0.143,0.194,0.25,0.96,0.715,0.665,0.617,0.591,0.578,0.594,0.615,0.658,0.68,0.679,0.666,0.647,0.638,0.626,0.62,0.615,0.636,0.7,0.748,0.755,0.734,0.712,0.688,0.688,0.68,0.22,0.082,0.342,6.9,0.65,0.28,0.667,0.628,0.581,0.544,0.541,0.536,0.55,0.59,0.229,0.187,0.293,8.384,0.99,0.47,0.675
0,0.286,0.226,0.25,0.96,0.667,0.628,0.581,0.544,0.541,0.536,0.55,0.59,0.635,0.665,0.682,0.698,0.69,0.679,0.662,0.651,0.663,0.692,0.752,0.759,0.746,0.734,0.714,0.691,0.675,0.229,0.187,0.293,8.384,0.99,0.47,0.666,0.623,0.574,0.554,0.547,0.577,0.647,0.712,0.216,0.156,0.307,9.368,0.83,0.34,0.712
0,0.429,0.258,0.25,0.96,0.666,0.623,0.574,0.554,0.547,0.577,0.647,0.712,0.728,0.725,0.721,0.705,0.707,0.696,0.695,0.7,0.71,0.734,0.793,0.797,0.786,0.769,0.738,0.716,0.712,0.216,0.156,0.307,9.368,0.83,0.34,0.693,0.643,0.593,0.568,0.554,0.586,0.645,0.702,0.2,0.133,0.309,9.594,0.55,0.22,0.697
0,0.571,0.29,0.25,0.96,0.693,0.643,0.593,0.568,0.554,0.586,0.645,0.702,0.716,0.715,0.704,0.683,0.678,0.664,0.648,0.64,0.652,0.693,0.776,0.783,0.767,0.75,0.718,0.69,0.697,0.2,0.133,0.309,9.594,0.55,0.22,0.678,0.632,0.589,0.557,0.556,0.584,0.644,0.714,0.169,0.078,0.264,9.294,0.72,0.2,0.713
0,0.714,0.323,0.25,0.96,0.678,0.632,0.589,0.557,0.556,0.584,0.644,0.714,0.728,0.732,0.716,0.714,0.705,0.687,0.668,0.666,0.697,0.733,0.801,0.799,0.795,0.772,0.749,0.72,0.713,0.169,0.078,0.264,9.294,0.72,0.2,0.688,0.642,0.584,0.576,0.563,0.592,0.652,0.717,0.187,0.153,0.218,8.481,0.97,0.2,0.732
0,0.857,0.355,0.25,0.96,0.688,0.642,0.584,0.576,0.563,0.592,0.652,0.717,0.738,0.756,0.752,0.751,0.738,0.738,0.721,0.724,0.738,0.773,0.806,0.806,0.795,0.77,0.744,0.717,0.732,0.187,0.153,0.218,8.481,0.97,0.2,0.693,0.652,0.601,0.576,0.571,0.594,0.654,0.718,0.191,0.164,0.233,8.416,0.98,0.12,0.727
0,1,0.387,0.25,0.96,0.693,0.652,0.601,0.576,0.571,0.594,0.654,0.718,0.738,0.744,0.741,0.739,0.729,0.722,0.718,0.717,0.724,0.755,0.802,0.795,0.785,0.754,0.737,0.705,0.727,0.191,0.164,0.233,8.416,0.98,0.12,0.695,0.646,0.598,0.574,0.556,0.568,0.588,0.638,0.207,0.171,0.289,8.481,0.7,0.3,0.697
0,0.143,0.419,0.25,0.96,0.695,0.646,0.598,0.574,0.556,0.568,0.588,0.638,0.685,0.709,0.708,0.698,0.702,0.696,0.686,0.681,0.678,0.715,0.769,0.776,0.755,0.734,0.715,0.699,0.697,0.207,0.171,0.289,8.481,0.7,0.3,0.685,0.634,0.588,0.559,0.542,0.544,0.549,0.592,0.2,0.171,0.247,8.884,0.85,0.28,0.682
0,0.286,0.452,0.25,0.96,0.685,0.634,0.588,0.559,0.542,0.544,0.549,0.592,0.63,0.664,0.703,0.705,0.704,0.697,0.67,0.662,0.662,0.69,0.752,0.758,0.757,0.74,0.721,0.711,0.682,0.2,0.171,0.247,8.884,0.85,0.28,0.68,0.63,0.576,0.548,0.544,0.57,0.638,0.717,0.173,0.107,0.256,8.942,0.62,0.26,0.719
0,0.429,0.484,0.25,0.96,0.68,0.63,0.576,0.548,0.544,0.57,0.638,0.717,0.739,0.746,0.734,0.73,0.709,0.71,0.7,0.696,0.697,0.725,0.802,0.814,0.804,0.778,0.759,0.726,0.719,0.173,0.107,0.256,8.942,0.62,0.26,0.707,0.658,0.61,0.577,0.572,0.613,0.662,0.723,0.124,0.036,0.231,8.374,0.59,0.22,0.73
0,0.571,0.516,0.25,0.96,0.707,0.658,0.61,0.577,0.572,0.613,0.662,0.723,0.735,0.734,0.726,0.722,0.714,0.704,0.7,0.696,0.711,0.749,0.815,0.819,0.804,0.785,0.756,0.733,0.73,0.124,0.036,0.231,8.374,0.59,0.22,0.703,0.651,0.606,0.58,0.579,0.604,0.666,0.724,0.153,0.093,0.249,6.942,0.35,0.4,0.73
0,0.714,0.548,0.25,0.96,0.703,0.651,0.606,0.58,0.579,0.604,0.666,0.724,0.744,0.732,0.729,0.732,0.721,0.702,0.679,0.683,0.697,0.73,0.82,0.822,0.817,0.792,0.767,0.745,0.73,0.153,0.093,0.249,6.942,0.35,0.4,0.72,0.664,0.615,0.59,0.585,0.611,0.673,0.73,0.151,0.042,0.287,6.894,0.31,0.15,0.728
0,0.857,0.581,0.25,0.96,0.72,0.664,0.615,0.59,0.585,0.611,0.673,0.73,0.736,0.725,0.717,0.706,0.702,0.69,0.673,0.665,0.676,0.715,0.803,0.826,0.824,0.797,0.782,0.758,0.728,0.151,0.042,0.287,6.894,0.31,0.15,0.709,0.666,0.618,0.6,0.596,0.616,0.68,0.726,0.178,0.049,0.307,6.806,0.05,0.17,0.72
0,1,0.613,0.25,0.96,0.709,0.666,0.618,0.6,0.596,0.616,0.68,0.726,0.734,0.726,0.707,0.705,0.688,0.673,0.652,0.654,0.66,0.707,0.803,0.812,0.801,0.78,0.749,0.728,0.72,0.178,0.049,0.307,6.806,0.05,0.17,0.71,0.664,0.61,0.58,0.572,0.58,0.607,0.658,0.191,0.1,0.298,7.387,0.48,0.26,0.699
0,0.143,0.645,0.25,0.96,0.71,0.664,0.61,0.58,0.572,0.58,0.607,0.658,0.682,0.697,0.69,0.691,0.687,0.683,0.68,0.658,0.661,0.699,0.775,0.782,0.764,0.745,0.739,0.695,0.699,0.191,0.1,0.298,7.387,0.48,0.26,0.7,0.645,0.594,0.56,0.55,0.555,0.56,0.607,0.247,0.151,0.353,8.006,0.39,0.15,0.667
0,0.286,0.677,0.25,0.96,0.7,0.645,0.594,0.56,0.55,0.555,0.56,0.607,0.639,0.66,0.66,0.659,0.644,0.631,0.606,0.59,0.596,0.638,0.744,0.772,0.768,0.751,0.726,0.7,0.667,0.247,0.151,0.353,8.006,0.39,0.15,0.665,0.623,0.568,0.545,0.547,0.568,0.643,0.703,0.253,0.211,0.307,9.642,0.77,0.17,0.704
0,0.429,0.71,0.25,0.96,0.665,0.623,0.568,0.545,0.547,0.568,0.643,0.703,0.714,0.71,0.707,0.701,0.69,0.687,0.671,0.675,0.69,0.724,0.787,0.806,0.794,0.765,0.744,0.708,0.704,0.253,0.211,0.307,9.642,0.77,0.17,0.683,0.629,0.589,0.564,0.562,0.586,0.65,0.725,0.16,0.14,0.2,10.594,0.91,0.15,0.721
0,0.571,0.742,0.25,0.96,0.683,0.629,0.589,0.564,0.562,0.586,0.65,0.725,0.739,0.745,0.746,0.751,0.718,0.72,0.708,0.696,0.706,0.729,0.785,0.797,0.782,0.757,0.739,0.718,0.721,0.16,0.14,0.2,10.594,0.91,0.15,0.694,0.643,0.596,0.575,0.563,0.588,0.657,0.729,0.118,0.104,0.149,8.903,0.96,0.29,0.758
0,0.714,0.774,0.25,0.96,0.694,0.643,0.596,0.575,0.563,0.588,0.657,0.729,0.774,0.797,0.8,0.806,0.798,0.784,0.774,0.762,0.769,0.788,0.824,0.837,0.824,0.793,0.768,0.752,0.758,0.118,0.104,0.149,8.903,0.96,0.29,0.724,0.67,0.62,0.591,0.586,0.607,0.663,0.728,0.149,0.102,0.227,7.058,0.68,0.28,0.746
0,0.857,0.806,0.25,0.96,0.724,0.67,0.62,0.591,0.586,0.607,0.663,0.728,0.753,0.758,0.751,0.75,0.742,0.736,0.724,0.724,0.74,0.745,0.812,0.831,0.827,0.802,0.779,0.75,0.746,0.149,0.102,0.227,7.058,0.68,0.28,0.734,0.667,0.634,0.601,0.596,0.62,0.683,0.731,0.122,0.013,0.233,6.848,0.04,0.24,0.742
0,1,0.839,0.25,0.96,0.734,0.667,0.634,0.601,0.596,0.62,0.683,0.731,0.755,0.753,0.749,0.741,0.736,0.718,0.704,0.691,0.7,0.723,0.81,0.836,0.824,0.795,0.774,0.745,0.742,0.122,0.013,0.233,6.848,0.04,0.24,0.721,0.674,0.633,0.597,0.602,0.591,0.626,0.675,0.187,0.1,0.282,6.084,0.8,0.2,0.725
0,0.143,0.871,0.25,0.96,0.721,0.674,0.633,0.597,0.602,0.591,0.626,0.675,0.715,0.73,0.725,0.723,0.717,0.716,0.698,0.691,0.7,0.729,0.798,0.815,0.797,0.766,0.748,0.725,0.725,0.187,0.1,0.282,6.084,0.8,0.2,0.704,0.667,0.623,0.615,0.58,0.573,0.565,0.593,0.182,0.129,0.28,7.194,0.63,0.17,0.661
0,0.286,0.903,0.25,0.96,0.704,0.667,0.623,0.615,0.58,0.573,0.565,0.593,0.626,0.67,0.7,0.714,0.714,0.695,0.666,0.641,0.636,0.631,0.656,0.74,0.785,0.776,0.754,0.73,0.661,0.182,0.129,0.28,7.194,0.63,0.17,0.716,0.659,0.613,0.577,0.564,0.589,0.653,0.713,0.249,0.093,0.34,7.713,0.58,0.2,0.713
0,0.429,0.935,0.25,0.96,0.716,0.659,0.613,0.577,0.564,0.589,0.653,0.713,0.74,0.735,0.729,0.708,0.706,0.69,0.67,0.666,0.677,0.692,0.726,0.781,0.799,0.774,0.744,0.726,0.713,0.249,0.093,0.34,7.713,0.58,0.2,0.691,0.64,0.591,0.557,0.554,0.57,0.634,0.704,0.302,0.224,0.42,9.552,0.73,0.22,0.697
0,0.571,0.968,0.25,0.96,0.691,0.64,0.591,0.557,0.554,0.57,0.634,0.704,0.721,0.726,0.716,0.708,0.699,0.676,0.677,0.656,0.641,0.65,0.677,0.756,0.792,0.774,0.74,0.713,0.697,0.302,0.224,0.42,9.552,0.73,0.22,0.687,0.63,0.575,0.544,0.541,0.572,0.628,0.679,0.36,0.209,0.478,11.687,0.36,0.19,0.667
0,0.714,1,0.25,0.96,0.687,0.63,0.575,0.544,0.541,0.572,0.628,0.679,0.699,0.687,0.66,0.654,0.648,0.634,0.621,0.613,0.606,0.607,0.633,0.724,0.764,0.754,0.719,0.677,0.667,0.36,0.209,0.478,11.687,0.36,0.19,0.642,0.579,0.536,0.508,0.508,0.535,0.595,0.65,0.424,0.289,0.556,14.116,0.22,0.22,0.634
0,0.857,0.032,0.333,0.96,0.642,0.579,0.536,0.508,0.508,0.535,0.595,0.65,0.659,0.644,0.643,0.632,0.616,0.612,0.596,0.581,0.582,0.586,0.6,0.694,0.742,0.715,0.684,0.641,0.634,0.424,0.289,0.556,14.116,0.22,0.22,0.595,0.529,0.487,0.465,0.469,0.502,0.564,0.611,0.467,0.347,0.609,16.781,0.62,0.22,0.605
0,1,0.065,0.333,0.96,0.595,0.529,0.487,0.465,0.469,0.502,0.564,0.611,0.627,0.632,0.614,0.619,0.602,0.602,0.582,0.578,0.566,0.569,0.594,0.678,0.698,0.685,0.646,0.61,0.605,0.467,0.347,0.609,16.781,0.62,0.22,0.566,0.512,0.474,0.449,0.448,0.461,0.495,0.554,0.282,0.158,0.413,19.097,0.24,0.22,0.592
0,0.143,0.097,0.333,0.96,0.566,0.512,0.474,0.449,0.448,0.461,0.495,0.554,0.6,0.625,0.623,0.624,0.609,0.604,0.578,0.568,0.56,0.561,0.585,0.68,0.714,0.68,0.64,0.595,0.592,0.282,0.158,0.413,19.097,0.24,0.22,0.566,0.518,0.468,0.442,0.439,0.443,0.458,0.51,0.353,0.213,0.524,15.923,0.05,0.42,0.57
0,0.286,0.129,0.333,0.96,0.566,0.518,0.468,0.442,0.439,0.443,0.458,0.51,0.56,0.597,0.588,0.596,0.59,0.578,0.556,0.531,0.519,0.527,0.544,0.644,0.69,0.682,0.641,0.604,0.57,0.353,0.213,0.524,15.923,0.05,0.42,0.548,0.49,0.448,0.442,0.44,0.474,0.544,0.614,0.384,0.267,0.584,15.948,0.12,0.24,0.591
0,0.429,0.161,0.333,0.96,0.548,0.49,0.448,0.442,0.44,0.474,0.544,0.614,0.628,0.622,0.612,0.61,0.6,0.592,0.582,0.568,0.558,0.558,0.573,0.664,0.712,0.675,0.638,0.594,0.591,0.384,0.267,0.584,15.948,0.12,0.24,0.539,0.488,0.443,0.419,0.431,0.459,0.523,0.592,0.476,0.282,0.633,16.642,0.22,0.15,0.586
0,0.571,0.194,0.333,0.96,0.539,0.488,0.443,0.419,0.431,0.459,0.523,0.592,0.609,0.613,0.602,0.604,0.604,0.586,0.583,0.576,0.564,0.566,0.576,0.67,0.713,0.685,0.642,0.584,0.586,0.476,0.282,0.633,16.642,0.22,0.15,0.536,0.478,0.437,0.425,0.428,0.457,0.53,0.59,0.449,0.316,0.598,19.058,0.4,0.1,0.586
0,0.714,0.226,0.333,0.96,0.536,0.478,0.437,0.425,0.428,0.457,0.53,0.59,0.592,0.613,0.605,0.606,0.604,0.6,0.581,0.58,0.574,0.564,0.588,0.669,0.713,0.684,0.637,0.584,0.586,0.449,0.316,0.598,19.058,0.4,0.1,0.526,0.466,0.43,0.414,0.417,0.449,0.505,0.577,0.5,0.349,0.642,19.616,0.32,0.21,0.572
0,0.857,0.258,0.333,0.96,0.526,0.466,0.43,0.414,0.417,0.449,0.505,0.577,0.587,0.597,0.595,0.592,0.599,0.585,0.579,0.567,0.566,0.556,0.572,0.642,0.681,0.655,0.614,0.577,0.572,0.5,0.349,0.642,19.616,0.32,0.21,0.52,0.467,0.43,0.418,0.416,0.449,0.512,0.584,0.409,0.309,0.507,21.216,0.9,0.27,0.583
0,1,0.29,0.333,0.96,0.52,0.467,0.43,0.418,0.416,0.449,0.512,0.584,0.607,0.618,0.624,0.624,0.62,0.616,0.594,0.564,0.576,0.574,0.599,0.666,0.681,0.658,0.617,0.582,0.583,0.409,0.309,0.507,21.216,0.9,0.27,0.537,0.48,0.437,0.423,0.429,0.448,0.471,0.53,0.28,0.26,0.304,19.848,1,0.2,0.583
0,0.143,0.323,0.333,0.96,0.537,0.48,0.437,0.423,0.429,0.448,0.471,0.53,0.584,0.611,0.614,0.626,0.628,0.62,0.601,0.595,0.546,0.595,0.615,0.674,0.685,0.66,0.62,0.575,0.583,0.28,0.26,0.304,19.848,1,0.2,0.542,0.49,0.455,0.428,0.422,0.428,0.45,0.491,0.236,0.198,0.271,16.148,1,0.28,0.583
0,0.286,0.355,0.333,0.96,0.542,0.49,0.455,0.428,0.422,0.428,0.45,0.491,0.541,0.594,0.618,0.636,0.636,0.621,0.594,0.581,0.576,0.588,0.622,0.668,0.702,0.686,0.641,0.601,0.583,0.236,0.198,0.271,16.148,1,0.28,0.562,0.495,0.454,0.443,0.451,0.478,0.558,0.634,0.28,0.209,0.384,13.2,0.7,0.29,0.621
0,0.429,0.387,0.333,0.96,0.562,0.495,0.454,0.443,0.451,0.478,0.558,0.634,0.661,0.677,0.67,0.659,0.646,0.631,0.607,0.601,0.598,0.594,0.613,0.682,0.739,0.725,0.68,0.636,0.621,0.28,0.209,0.384,13.2,0.7,0.29,0.576,0.516,0.472,0.456,0.463,0.488,0.559,0.632,0.369,0.187,0.536,12.777,0.12,0.2,0.603
0,0.571,0.419,0.333,0.96,0.576,0.516,0.472,0.456,0.463,0.488,0.559,0.632,0.635,0.634,0.617,0.613,0.607,0.6,0.584,0.566,0.569,0.565,0.582,0.653,0.716,0.705,0.66,0.611,0.603,0.369,0.187,0.536,12.777,0.12,0.2,0.554,0.489,0.449,0.433,0.433,0.463,0.537,0.603,0.431,0.256,0.56,14.594,0.5,0.22,0.591
0,0.714,0.452,0.333,0.96,0.554,0.489,0.449,0.433,0.433,0.463,0.537,0.603,0.613,0.609,0.599,0.61,0.606,0.596,0.579,0.579,0.574,0.579,0.596,0.65,0.7,0.683,0.645,0.6,0.591,0.431,0.256,0.56,14.594,0.5,0.22,0.545,0.488,0.446,0.436,0.438,0.462,0.527,0.591,0.331,0.424,0.249,17.013,0.89,0.26,0.604
0,0.857,0.484,0.333,0.96,0.545,0.488,0.446,0.436,0.438,0.462,0.527,0.591,0.61,0.602,0.62,0.628,0.636,0.618,0.606,0.608,0.608,0.615,0.644,0.69,0.716,0.693,0.652,0.612,0.604,0.331,0.424,0.249,17.013,0.89,0.26,0.56,0.498,0.464,0.45,0.456,0.482,0.547,0.61,0.327,0.187,0.453,15.994,0.16,0.3,0.598
0,1,0.516,0.333,0.96,0.56,0.498,0.464,0.45,0.456,0.482,0.547,0.61,0.629,0.634,0.623,0.622,0.618,0.61,0.586,0.578,0.572,0.569,0.581,0.644,0.707,0.684,0.639,0.58,0.598,0.327,0.187,0.453,15.994,0.16,0.3,0.542,0.486,0.444,0.428,0.426,0.44,0.469,0.535,0.449,0.256,0.622,15.413,0.56,0.18,0.562
0,0.143,0.548,0.333,0.96,0.542,0.486,0.444,0.428,0.426,0.44,0.469,0.535,0.57,0.587,0.582,0.59,0.586,0.587,0.571,0.55,0.547,0.535,0.545,0.595,0.666,0.66,0.615,0.562,0.562,0.449,0.256,0.622,15.413,0.56,0.18,0.515,0.466,0.425,0.406,0.398,0.405,0.421,0.476,0.498,0.322,0.656,17.929,0.56,0.19,0.539
0,0.286,0.581,0.333,0.96,0.515,0.466,0.425,0.406,0.398,0.405,0.421,0.476,0.53,0.564,0.577,0.572,0.574,0.564,0.546,0.528,0.517,0.508,0.525,0.595,0.66,0.646,0.606,0.558,0.539,0.498,0.322,0.656,17.929,0.56,0.19,0.498,0.446,0.411,0.399,0.401,0.424,0.494,0.568,0.496,0.382,0.64,20.258,0.59,0.2,0.567
0,0.429,0.613,0.333,0.96,0.498,0.446,0.411,0.399,0.401,0.424,0.494,0.568,0.595,0.598,0.595,0.602,0.614,0.574,0.583,0.573,0.568,0.557,0.572,0.63,0.691,0.663,0.61,0.57,0.567,0.496,0.382,0.64,20.258,0.59,0.2,0.522,0.46,0.432,0.424,0.408,0.442,0.502,0.565,0.362,0.229,0.444,21.326,0.64,0.32,0.575
0,0.571,0.645,0.333,0.96,0.522,0.46,0.432,0.424,0.408,0.442,0.502,0.565,0.595,0.589,0.591,0.599,0.589,0.581,0.574,0.57,0.573,0.572,0.6,0.666,0.697,0.676,0.626,0.575,0.575,0.362,0.229,0.444,21.326,0.64,0.32,0.531,0.459,0.452,0.427,0.431,0.447,0.521,0.588,0.267,0.173,0.378,18.835,0.45,0.27,0.591
0,0.714,0.677,0.333,0.96,0.531,0.459,0.452,0.427,0.431,0.447,0.521,0.588,0.616,0.625,0.62,0.614,0.614,0.6,0.588,0.578,0.581,0.58,0.59,0.636,0.704,0.699,0.663,0.618,0.591,0.267,0.173,0.378,18.835,0.45,0.27,0.55,0.491,0.457,0.448,0.451,0.47,0.542,0.614,0.271,0.113,0.422,15.374,0,0.15,0.598
0,0.857,0.71,0.333,0.96,0.55,0.491,0.457,0.448,0.451,0.47,0.542,0.614,0.624,0.626,0.62,0.617,0.607,0.597,0.582,0.573,0.57,0.573,0.58,0.641,0.716,0.712,0.672,0.618,0.598,0.271,0.113,0.422,15.374,0,0.15,0.552,0.498,0.456,0.439,0.445,0.459,0.54,0.599,0.36,0.202,0.489,13.658,0.45,0.15,0.594
0,1,0.742,0.333,0.96,0.552,0.498,0.456,0.439,0.445,0.459,0.54,0.599,0.622,0.617,0.613,0.617,0.608,0.602,0.589,0.57,0.57,0.577,0.59,0.637,0.712,0.695,0.652,0.601,0.594,0.36,0.202,0.489,13.658,0.45,0.15,0.548,0.492,0.457,0.435,0.432,0.439,0.483,0.535,0.378,0.229,0.54,14.829,0.43,0.14,0.567
1,0.143,0.774,0.333,0.96,0.548,0.492,0.457,0.435,0.432,0.439,0.483,0.535,0.568,0.589,0.583,0.587,0.586,0.581,0.566,0.551,0.54,0.548,0.57,0.622,0.673,0.66,0.616,0.575,0.567,0.378,0.229,0.54,14.829,0.43,0.14,0.53,0.481,0.445,0.423,0.414,0.418,0.438,0.483,0.222,0.142,0.34,15.829,0.94,0.23,0.576
0,0.286,0.806,0.333,0.96,0.53,0.481,0.445,0.423,0.414,0.418,0.438,0.483,0.53,0.57,0.601,0.624,0.616,0.613,0.596,0.586,0.591,0.592,0.617,0.651,0.694,0.675,0.643,0.601,0.576,0.222,0.142,0.34,15.829,0.94,0.23,0.573,0.516,0.465,0.456,0.465,0.491,0.563,0.652,0.116,0.133,0.096,12.813,1,0.22,0.673
0,0.429,0.839,0.333,0.96,0.573,0.516,0.465,0.456,0.465,0.491,0.563,0.652,0.695,0.722,0.721,0.734,0.726,0.715,0.709,0.698,0.698,0.704,0.729,0.753,0.784,0.76,0.714,0.67,0.673,0.116,0.133,0.096,12.813,1,0.22,0.616,0.559,0.527,0.52,0.501,0.529,0.6,0.678,0.178,0.053,0.3,8.897,0.33,0.22,0.666
0,0.571,0.871,0.333,0.96,0.616,0.559,0.527,0.52,0.501,0.529,0.6,0.678,0.701,0.7,0.69,0.691,0.68,0.665,0.653,0.639,0.638,0.633,0.642,0.702,0.78,0.775,0.735,0.692,0.666,0.178,0.053,0.3,8.897,0.33,0.22,0.635,0.568,0.523,0.501,0.506,0.524,0.602,0.674,0.309,0.124,0.467,8.381,0.4,0.26,0.646
0,0.714,0.903,0.333,0.96,0.635,0.568,0.523,0.501,0.506,0.524,0.602,0.674,0.681,0.667,0.652,0.648,0.633,0.624,0.618,0.602,0.603,0.607,0.632,0.686,0.756,0.746,0.712,0.669,0.646,0.309,0.124,0.467,8.381,0.4,0.26,0.62,0.545,0.502,0.492,0.483,0.505,0.578,0.64,0.247,0.142,0.364,11.103,0.8,0.17,0.642
1,0.857,0.935,0.333,0.96,0.62,0.545,0.502,0.492,0.483,0.505,0.578,0.64,0.666,0.668,0.66,0.668,0.663,0.646,0.626,0.618,0.614,0.617,0.641,0.694,0.749,0.739,0.697,0.648,0.642,0.247,0.142,0.364,11.103,0.8,0.17,0.599,0.534,0.496,0.471,0.466,0.461,0.492,0.537,0.236,0.2,0.289,11.006,1,0.18,0.616
1,1,0.968,0.333,0.96,0.599,0.534,0.496,0.471,0.466,0.461,0.492,0.537,0.592,0.638,0.657,0.668,0.668,0.652,0.636,0.627,0.625,0.61,0.63,0.664,0.695,0.681,0.652,0.612,0.616,0.236,0.2,0.289,11.006,1,0.18,0.566,0.523,0.482,0.453,0.452,0.42,0.486,0.548,0.267,0.2,0.358,10.813,0.73,0.14,0.607
1,0.143,0.032,0.417,0.96,0.566,0.523,0.482,0.453,0.452,0.42,0.486,0.548,0.6,0.627,0.633,0.638,0.639,0.625,0.615,0.608,0.601,0.604,0.604,0.651,0.731,0.722,0.692,0.644,0.607,0.267,0.2,0.358,10.813,0.73,0.14,0.585,0.519,0.47,0.439,0.428,0.422,0.447,0.496,0.316,0.209,0.427,11.516,0.7,0.32,0.53
1,0.286,0.065,0.417,0.96,0.585,0.519,0.47,0.439,0.428,0.422,0.447,0.496,0.542,0.564,0.565,0.554,0.536,0.509,0.489,0.475,0.478,0.493,0.516,0.547,0.594,0.591,0.569,0.541,0.53,0.316,0.209,0.427,11.516,0.7,0.32,0.52,0.475,0.443,0.418,0.409,0.407,0.423,0.474,0.298,0.236,0.344,12.958,0.95,0.33,0.551
0,0.429,0.097,0.417,0.96,0.52,0.475,0.443,0.418,0.409,0.407,0.423,0.474,0.525,0.557,0.576,0.587,0.58,0.574,0.564,0.548,0.548,0.556,0.578,0.611,0.647,0.629,0.607,0.593,0.551,0.298,0.236,0.344,12.958,0.95,0.33,0.562,0.513,0.47,0.432,0.425,0.431,0.462,0.512,0.26,0.236,0.302,13.171,0.96,0.15,0.598
0,0.571,0.129,0.417,0.96,0.562,0.513,0.47,0.432,0.425,0.431,0.462,0.512,0.562,0.608,0.631,0.642,0.644,0.634,0.61,0.602,0.6,0.602,0.629,0.67,0.708,0.707,0.665,0.633,0.598,0.26,0.236,0.302,13.171,0.96,0.15,0.596,0.526,0.482,0.458,0.458,0.48,0.55,0.632,0.271,0.222,0.362,12.445,0.9,0.12,0.645
0,0.714,0.161,0.417,0.96,0.596,0.526,0.482,0.458,0.458,0.48,0.55,0.632,0.673,0.686,0.69,0.699,0.685,0.668,0.647,0.631,0.634,0.638,0.662,0.698,0.746,0.738,0.694,0.668,0.645,0.271,0.222,0.362,12.445,0.9,0.12,0.611,0.553,0.501,0.478,0.482,0.496,0.558,0.638,0.304,0.207,0.449,12.348,0.57,0.22,0.638
1,0.857,0.194,0.417,0.96,0.611,0.553,0.501,0.478,0.482,0.496,0.558,0.638,0.668,0.682,0.678,0.673,0.66,0.645,0.615,0.606,0.612,0.604,0.618,0.664,0.739,0.738,0.707,0.659,0.638,0.304,0.207,0.449,12.348,0.57,0.22,0.604,0.54,0.493,0.467,0.471,0.474,0.544,0.604,0.347,0.22,0.476,13.052,0.51,0.18,0.588
0,1,0.226,0.417,0.96,0.604,0.54,0.493,0.467,0.471,0.474,0.544,0.604,0.622,0.628,0.614,0.614,0.608,0.594,0.572,0.558,0.552,0.536,0.542,0.576,0.644,0.642,0.619,0.597,0.588,0.347,0.22,0.476,13.052,0.51,0.18,0.571,0.513,0.467,0.444,0.436,0.438,0.472,0.528,0.369,0.242,0.502,14.348,0.42,0.18,0.572
0,0.143,0.258,0.417,0.96,0.571,0.513,0.467,0.444,0.436,0.438,0.472,0.528,0.569,0.588,0.594,0.598,0.597,0.593,0.571,0.559,0.552,0.549,0.558,0.59,0.665,0.661,0.631,0.595,0.572,0.369,0.242,0.502,14.348,0.42,0.18,0.554,0.499,0.45,0.426,0.415,0.406,0.431,0.476,0.362,0.236,0.469,15.526,0.53,0.15,0.545
0,0.286,0.29,0.417,0.96,0.554,0.499,0.45,0.426,0.415,0.406,0.431,0.476,0.518,0.544,0.565,0.573,0.568,0.557,0.534,0.521,0.513,0.514,0.53,0.573,0.652,0.672,0.645,0.588,0.545,0.362,0.236,0.469,15.526,0.53,0.15,0.542,0.479,0.436,0.421,0.424,0.441,0.519,0.588,0.376,0.247,0.507,15.987,0.02,0.17,0.579
0,0.429,0.323,0.417,0.96,0.542,0.479,0.436,0.421,0.424,0.441,0.519,0.588,0.608,0.608,0.598,0.608,0.602,0.59,0.576,0.566,0.557,0.557,0.565,0.597,0.683,0.693,0.653,0.606,0.579,0.376,0.247,0.507,15.987,0.02,0.17,0.548,0.49,0.449,0.434,0.436,0.451,0.518,0.575,0.353,0.251,0.48,16.519,0.65,0.23,0.593
0,0.571,0.355,0.417,0.96,0.548,0.49,0.449,0.434,0.436,0.451,0.518,0.575,0.599,0.6,0.599,0.604,0.596,0.591,0.583,0.584,0.596,0.61,0.636,0.668,0.709,0.69,0.657,0.61,0.593,0.353,0.251,0.48,16.519,0.65,0.23,0.555,0.499,0.456,0.435,0.437,0.45,0.52,0.583,0.404,0.293,0.52,16.245,0.76,0.17,0.591
1,0.714,0.387,0.417,0.96,0.555,0.499,0.456,0.435,0.437,0.45,0.52,0.583,0.606,0.607,0.603,0.606,0.605,0.592,0.582,0.577,0.579,0.582,0.604,0.65,0.696,0.697,0.657,0.607,0.591,0.404,0.293,0.52,16.245,0.76,0.17,0.546,0.484,0.442,0.425,0.425,0.439,0.492,0.57,0.384,0.311,0.484,17.265,0.87,0.22,0.585
0,0.857,0.419,0.417,0.96,0.546,0.484,0.442,0.425,0.425,0.439,0.492,0.57,0.597,0.602,0.603,0.607,0.608,0.606,0.59,0.588,0.586,0.592,0.624,0.649,0.678,0.666,0.638,0.594,0.585,0.384,0.311,0.484,17.265,0.87,0.22,0.545,0.485,0.445,0.428,0.427,0.445,0.511,0.583,0.4,0.269,0.533,17.294,0.58,0.2,0.578
0,1,0.452,0.417,0.96,0.545,0.485,0.445,0.428,0.427,0.445,0.511,0.583,0.603,0.605,0.606,0.605,0.6,0.59,0.577,0.574,0.571,0.563,0.566,0.604,0.662,0.66,0.634,0.588,0.578,0.4,0.269,0.533,17.294,0.58,0.2,0.548,0.484,0.44,0.423,0.418,0.423,0.46,0.517,0.373,0.311,0.5,17.674,0.81,0.26,0.56
0,0.143,0.484,0.417,0.96,0.548,0.484,0.44,0.423,0.418,0.423,0.46,0.517,0.556,0.58,0.583,0.602,0.59,0.592,0.566,0.561,0.557,0.558,0.57,0.602,0.653,0.637,0.596,0.564,0.56,0.373,0.311,0.5,17.674,0.81,0.26,0.529,0.484,0.441,0.415,0.407,0.392,0.416,0.463,0.293,0.187,0.311,17.235,0.95,0.24,0.549
0,0.286,0.516,0.417,0.96,0.529,0.484,0.441,0.415,0.407,0.392,0.416,0.463,0.498,0.545,0.571,0.587,0.584,0.575,0.554,0.542,0.54,0.549,0.575,0.614,0.665,0.662,0.622,0.575,0.549,0.293,0.187,0.311,17.235,0.95,0.24,0.535,0.481,0.445,0.427,0.422,0.441,0.516,0.603,0.247,0.164,0.362,15.174,0.77,0.17,0.606
0,0.429,0.548,0.417,0.96,0.535,0.481,0.445,0.427,0.422,0.441,0.516,0.603,0.631,0.649,0.645,0.645,0.636,0.632,0.616,0.6,0.604,0.609,0.62,0.644,0.708,0.714,0.679,0.634,0.606,0.247,0.164,0.362,15.174,0.77,0.17,0.577,0.511,0.473,0.456,0.452,0.471,0.54,0.615,0.284,0.136,0.413,13.023,0.34,0.13,0.604
0,0.571,0.581,0.417,0.96,0.577,0.511,0.473,0.456,0.452,0.471,0.54,0.615,0.63,0.629,0.623,0.622,0.617,0.602,0.586,0.581,0.576,0.578,0.591,0.625,0.702,0.721,0.682,0.629,0.604,0.284,0.136,0.413,13.023,0.34,0.13,0.573,0.5,0.463,0.442,0.44,0.455,0.528,0.601,0.331,0.227,0.444,12.839,0.58,0.12,0.594
0,0.714,0.613,0.417,0.96,0.573,0.5,0.463,0.442,0.44,0.455,0.528,0.601,0.615,0.603,0.616,0.617,0.605,0.598,0.584,0.582,0.57,0.559,0.576,0.616,0.698,0.719,0.675,0.622,0.594,0.331,0.227,0.444,12.839,0.58,0.12,0.558,0.494,0.457,0.439,0.436,0.444,0.532,0.583,0.411,0.293,0.524,13.819,0.78,0.18,0.582
0,0.857,0.645,0.417,0.96,0.558,0.494,0.457,0.439,0.436,0.444,0.532,0.583,0.601,0.602,0.59,0.594,0.59,0.586,0.566,0.561,0.561,0.561,0.587,0.62,0.679,0.689,0.653,0.604,0.582,0.411,0.293,0.524,13.819,0.78,0.18,0.539,0.483,0.447,0.429,0.433,0.444,0.501,0.579,0.362,0.318,0.418,16.187,0.86,0.12,0.585
0,1,0.677,0.417,0.96,0.539,0.483,0.447,0.429,0.433,0.444,0.501,0.579,0.598,0.605,0.604,0.604,0.605,0.604,0.594,0.584,0.586,0.594,0.606,0.635,0.672,0.672,0.638,0.593,0.585,0.362,0.318,0.418,16.187,0.86,0.12,0.545,0.492,0.45,0.428,0.423,0.421,0.468,0.522,0.42,0.271,0.562,16.294,0.45,0.19,0.557
0,0.143,0.71,0.417,0.96,0.545,0.492,0.45,0.428,0.423,0.421,0.468,0.522,0.563,0.586,0.586,0.592,0.589,0.564,0.567,0.554,0.545,0.538,0.538,0.56,0.626,0.648,0.617,0.572,0.557,0.42,0.271,0.562,16.294,0.45,0.19,0.525,0.472,0.431,0.406,0.396,0.39,0.409,0.461,0.444,0.271,0.589,17.723,0.09,0.15,0.518
0,0.286,0.742,0.417,0.96,0.525,0.472,0.431,0.406,0.396,0.39,0.409,0.461,0.51,0.542,0.553,0.558,0.557,0.541,0.517,0.493,0.484,0.479,0.48,0.514,0.584,0.63,0.593,0.555,0.518,0.444,0.271,0.589,17.723,0.09,0.15,0.496,0.435,0.39,0.378,0.383,0.401,0.474,0.546,0.52,0.371,0.644,18.977,0.25,0.24,0.554
0,0.429,0.774,0.417,0.96,0.496,0.435,0.39,0.378,0.383,0.401,0.474,0.546,0.572,0.584,0.584,0.591,0.589,0.586,0.576,0.572,0.566,0.556,0.562,0.571,0.649,0.67,0.63,0.57,0.554,0.52,0.371,0.644,18.977,0.25,0.24,0.517,0.448,0.418,0.403,0.398,0.41,0.474,0.542,0.384,0.34,0.478,21.326,0.76,0.3,0.556
0,0.571,0.806,0.417,0.96,0.517,0.448,0.418,0.403,0.398,0.41,0.474,0.542,0.57,0.583,0.585,0.596,0.587,0.579,0.571,0.56,0.552,0.556,0.57,0.591,0.639,0.652,0.61,0.563,0.556,0.384,0.34,0.478,21.326,0.76,0.3,0.506,0.446,0.426,0.402,0.404,0.417,0.472,0.559,0.367,0.278,0.487,19.294,0.8,0.22,0.566
0,0.714,0.839,0.417,0.96,0.506,0.446,0.426,0.402,0.404,0.417,0.472,0.559,0.598,0.608,0.612,0.612,0.607,0.598,0.584,0.573,0.566,0.56,0.576,0.601,0.643,0.658,0.616,0.564,0.566,0.367,0.278,0.487,19.294,0.8,0.22,0.514,0.451,0.421,0.402,0.402,0.424,0.483,0.554,0.424,0.302,0.56,17.9,0.36,0.15,0.564
0,0.857,0.871,0.417,0.96,0.514,0.451,0.421,0.402,0.402,0.424,0.483,0.554,0.581,0.593,0.591,0.596,0.593,0.592,0.581,0.569,0.564,0.559,0.559,0.578,0.644,0.675,0.638,0.587,0.564,0.424,0.302,0.56,17.9,0.36,0.15,0.526,0.462,0.427,0.407,0.401,0.42,0.486,0.567,0.484,0.322,0.622,18.503,0.26,0.12,0.562
0,1,0.903,0.417,0.96,0.526,0.462,0.427,0.407,0.401,0.42,0.486,0.567,0.585,0.588,0.587,0.592,0.592,0.585,0.577,0.568,0.565,0.565,0.564,0.571,0.622,0.664,0.635,0.569,0.562,0.484,0.322,0.622,18.503,0.26,0.12,0.514,0.459,0.421,0.401,0.396,0.398,0.448,0.5,0.538,0.396,0.669,20.181,0.03,0.21,0.541
0,0.143,0.935,0.417,0.96,0.514,0.459,0.421,0.401,0.396,0.398,0.448,0.5,0.534,0.567,0.566,0.581,0.587,0.584,0.564,0.552,0.54,0.529,0.53,0.544,0.601,0.637,0.605,0.561,0.541,0.538,0.396,0.669,20.181,0.03,0.21,0.511,0.454,0.408,0.39,0.38,0.372,0.398,0.435,0.56,0.453,0.691,22.203,0.51,0.19,0.515
0,0.286,0.968,0.417,0.96,0.511,0.454,0.408,0.39,0.38,0.372,0.398,0.435,0.482,0.523,0.538,0.55,0.557,0.545,0.533,0.519,0.511,0.502,0.5,0.518,0.59,0.636,0.61,0.557,0.515,0.56,0.453,0.691,22.203,0.51,0.19,0.496,0.436,0.403,0.387,0.384,0.4,0.473,0.537,0.547,0.451,0.644,23.829,0.38,0.14,0.554
0,0.429,1,0.417,0.96,0.496,0.436,0.403,0.387,0.384,0.4,0.473,0.537,0.569,0.582,0.588,0.601,0.6,0.598,0.584,0.577,0.566,0.562,0.559,0.563,0.629,0.654,0.613,0.56,0.554,0.547,0.451,0.644,23.829,0.38,0.14,0.5,0.439,0.405,0.394,0.396,0.404,0.471,0.533,0.513,0.402,0.622,24.345,0.32,0.14,0.552
0,0.571,0.032,0.5,0.96,0.5,0.439,0.405,0.394,0.396,0.404,0.471,0.533,0.566,0.578,0.582,0.591,0.591,0.586,0.576,0.568,0.563,0.554,0.554,0.56,0.614,0.663,0.626,0.564,0.552,0.513,0.402,0.622,24.345,0.32,0.14,0.497,0.426,0.407,0.393,0.391,0.403,0.466,0.524,0.451,0.347,0.582,23.787,0.76,0.2,0.547
0,0.714,0.065,0.5,0.96,0.497,0.426,0.407,0.393,0.391,0.403,0.466,0.524,0.557,0.574,0.573,0.582,0.586,0.584,0.572,0.561,0.555,0.558,0.575,0.599,0.629,0.631,0.585,0.534,0.547,0.451,0.347,0.582,23.787,0.76,0.2,0.485,0.43,0.402,0.392,0.388,0.403,0.465,0.53,0.418,0.313,0.544,22.019,0.72,0.17,0.542
0,0.857,0.097,0.5,0.96,0.485,0.43,0.402,0.392,0.388,0.403,0.465,0.53,0.559,0.568,0.57,0.581,0.579,0.571,0.563,0.559,0.55,0.543,0.545,0.557,0.612,0.641,0.606,0.551,0.542,0.418,0.313,0.544,22.019,0.72,0.17,0.498,0.439,0.406,0.391,0.387,0.398,0.455,0.518,0.427,0.307,0.547,20.323,0.69,0.14,0.534
0,1,0.129,0.5,0.96,0.498,0.439,0.406,0.391,0.387,0.398,0.455,0.518,0.549,0.562,0.564,0.582,0.578,0.57,0.559,0.55,0.539,0.539,0.534,0.551,0.591,0.606,0.567,0.531,0.534,0.427,0.307,0.547,20.323,0.69,0.14,0.489,0.432,0.4,0.389,0.383,0.384,0.422,0.482,0.447,0.36,0.54,19.665,0.6,0.14,0.52
0,0.143,0.161,0.5,0.96,0.489,0.432,0.4,0.389,0.383,0.384,0.422,0.482,0.525,0.552,0.56,0.565,0.564,0.561,0.545,0.53,0.511,0.512,0.515,0.524,0.571,0.604,0.574,0.529,0.52,0.447,0.36,0.54,19.665,0.6,0.14,0.484,0.429,0.393,0.374,0.363,0.36,0.388,0.438,0.46,0.349,0.596,19.81,0.51,0.15,0.504
0,0.286,0.194,0.5,0.96,0.484,0.429,0.393,0.374,0.363,0.36,0.388,0.438,0.481,0.524,0.55,0.556,0.554,0.542,0.526,0.508,0.497,0.489,0.491,0.522,0.571,0.604,0.576,0.534,0.504,0.46,0.349,0.596,19.81,0.51,0.15,0.476,0.422,0.386,0.372,0.37,0.384,0.46,0.52,0.418,0.362,0.518,20.216,0.74,0.17,0.539
0,0.429,0.226,0.5,0.96,0.476,0.422,0.386,0.372,0.37,0.384,0.46,0.52,0.555,0.57,0.57,0.578,0.579,0.575,0.567,0.562,0.546,0.553,0.553,0.57,0.612,0.643,0.607,0.56,0.539,0.418,0.362,0.518,20.216,0.74,0.17,0.498,0.441,0.41,0.397,0.394,0.408,0.468,0.532,0.427,0.351,0.522,19.484,0.48,0.17,0.546
0,0.571,0.258,0.5,0.96,0.498,0.441,0.41,0.397,0.394,0.408,0.468,0.532,0.562,0.572,0.569,0.578,0.585,0.575,0.564,0.56,0.55,0.542,0.543,0.566,0.608,0.653,0.615,0.555,0.546,0.427,0.351,0.522,19.484,0.48,0.17,0.505,0.444,0.412,0.397,0.386,0.4,0.472,0.539,0.418,0.26,0.54,19.348,0.1,0.13,0.551
1,0.714,0.29,0.5,0.96,0.505,0.444,0.412,0.397,0.386,0.4,0.472,0.539,0.567,0.572,0.574,0.584,0.585,0.576,0.57,0.565,0.562,0.554,0.548,0.562,0.617,0.668,0.634,0.573,0.551,0.418,0.26,0.54,19.348,0.1,0.13,0.508,0.449,0.411,0.399,0.393,0.403,0.471,0.527,0.471,0.34,0.593,19.068,0.26,0.19,0.543
0,0.857,0.323,0.5,0.96,0.508,0.449,0.411,0.399,0.393,0.403,0.471,0.527,0.558,0.565,0.569,0.577,0.569,0.569,0.557,0.555,0.548,0.537,0.541,0.554,0.605,0.636,0.597,0.562,0.543,0.471,0.34,0.593,19.068,0.26,0.19,0.505,0.452,0.419,0.404,0.401,0.41,0.473,0.538,0.473,0.369,0.571,20.152,0.76,0.14,0.552
0,1,0.355,0.5,0.96,0.505,0.452,0.419,0.404,0.401,0.41,0.473,0.538,0.558,0.57,0.574,0.581,0.585,0.585,0.571,0.569,0.558,0.553,0.563,0.581,0.616,0.643,0.603,0.56,0.552,0.473,0.369,0.571,20.152,0.76,0.14,0.507,0.458,0.424,0.404,0.398,0.394,0.444,0.498,0.478,0.398,0.604,20.735,0.68,0.17,0.538
0,0.143,0.387,0.5,0.96,0.507,0.458,0.424,0.404,0.398,0.394,0.444,0.498,0.544,0.561,0.567,0.576,0.58,0.574,0.559,0.552,0.537,0.533,0.539,0.554,0.605,0.621,0.589,0.536,0.538,0.478,0.398,0.604,20.735,0.68,0.17,0.497,0.448,0.414,0.395,0.38,0.371,0.399,0.438,0.44,0.389,0.564,21.161,0.9,0.15,0.512
0,0.286,0.419,0.5,0.96,0.497,0.448,0.414,0.395,0.38,0.371,0.399,0.438,0.481,0.525,0.542,0.564,0.568,0.55,0.533,0.518,0.503,0.5,0.508,0.54,0.582,0.6,0.576,0.523,0.512,0.44,0.389,0.564,21.161,0.9,0.15,0.48,0.427,0.397,0.388,0.381,0.393,0.46,0.526,0.416,0.356,0.504,20.49,0.89,0.15,0.545
0,0.429,0.452,0.5,0.96,0.48,0.427,0.397,0.388,0.381,0.393,0.46,0.526,0.563,0.576,0.582,0.576,0.585,0.579,0.573,0.556,0.556,0.549,0.56,0.585,0.626,0.642,0.601,0.552,0.545,0.416,0.356,0.504,20.49,0.89,0.15,0.496,0.44,0.411,0.396,0.39,0.406,0.469,0.53,0.46,0.351,0.584,19.594,0.66,0.19,0.552
0,0.571,0.484,0.5,0.96,0.496,0.44,0.411,0.396,0.39,0.406,0.469,0.53,0.565,0.578,0.584,0.593,0.597,0.586,0.572,0.562,0.558,0.555,0.555,0.572,0.618,0.659,0.624,0.565,0.552,0.46,0.351,0.584,19.594,0.66,0.19,0.513,0.456,0.419,0.401,0.4,0.409,0.473,0.533,0.489,0.378,0.627,20.139,0.35,0.12,0.558
0,0.714,0.516,0.5,0.96,0.513,0.456,0.419,0.401,0.4,0.409,0.473,0.533,0.564,0.576,0.58,0.59,0.598,0.59,0.585,0.576,0.564,0.562,0.559,0.569,0.61,0.672,0.637,0.586,0.558,0.489,0.378,0.627,20.139,0.35,0.12,0.528,0.46,0.428,0.415,0.407,0.415,0.479,0.539,0.571,0.409,0.676,21.081,0.47,0.33,0.568
0,0.857,0.548,0.5,0.96,0.528,0.46,0.428,0.415,0.407,0.415,0.479,0.539,0.572,0.586,0.588,0.609,0.61,0.604,0.592,0.582,0.577,0.572,0.571,0.596,0.635,0.672,0.638,0.586,0.568,0.571,0.409,0.676,21.081,0.47,0.33,0.539,0.476,0.44,0.422,0.417,0.433,0.502,0.556,0.658,0.584,0.8,23.458,0.48,0.36,0.605
1,1,0.581,0.5,0.96,0.539,0.476,0.44,0.422,0.417,0.433,0.502,0.556,0.591,0.609,0.627,0.65,0.665,0.669,0.663,0.647,0.64,0.632,0.627,0.636,0.663,0.704,0.674,0.628,0.605,0.658,0.584,0.8,23.458,0.48,0.36,0.562,0.5,0.456,0.44,0.427,0.434,0.477,0.516,0.529,0.456,0.64,26.687,0.54,0.18,0.569
1,0.143,0.613,0.5,0.96,0.562,0.5,0.456,0.44,0.427,0.434,0.477,0.516,0.544,0.568,0.578,0.597,0.608,0.608,0.6,0.588,0.58,0.573,0.56,0.572,0.611,0.656,0.631,0.582,0.569,0.529,0.456,0.64,26.687,0.54,0.18,0.524,0.471,0.44,0.416,0.402,0.399,0.417,0.458,0.476,0.393,0.604,25.326,0.65,0.17,0.52
0,0.286,0.645,0.5,0.96,0.524,0.471,0.44,0.416,0.402,0.399,0.417,0.458,0.491,0.536,0.555,0.573,0.572,0.555,0.537,0.522,0.513,0.5,0.501,0.525,0.562,0.588,0.571,0.512,0.52,0.476,0.393,0.604,25.326,0.65,0.17,0.469,0.433,0.408,0.397,0.394,0.401,0.461,0.524,0.484,0.358,0.656,23.374,0.64,0.13,0.564
0,0.429,0.677,0.5,0.96,0.469,0.433,0.408,0.397,0.394,0.401,0.461,0.524,0.564,0.583,0.589,0.607,0.615,0.615,0.612,0.595,0.596,0.588,0.592,0.597,0.631,0.664,0.63,0.583,0.564,0.484,0.358,0.656,23.374,0.64,0.13,0.525,0.487,0.439,0.424,0.42,0.428,0.486,0.546,0.491,0.449,0.549,22.584,0.87,0.14,0.579
0,0.571,0.71,0.5,0.96,0.525,0.487,0.439,0.424,0.42,0.428,0.486,0.546,0.573,0.59,0.599,0.617,0.619,0.617,0.612,0.599,0.592,0.586,0.589,0.606,0.64,0.672,0.64,0.593,0.579,0.491,0.449,0.549,22.584,0.87,0.14,0.542,0.487,0.445,0.433,0.425,0.44,0.496,0.558,0.584,0.467,0.702,22.284,0.54,0.13,0.61
0,0.714,0.742,0.5,0.96,0.542,0.487,0.445,0.433,0.425,0.44,0.496,0.558,0.596,0.612,0.625,0.65,0.659,0.666,0.663,0.654,0.649,0.64,0.629,0.635,0.67,0.727,0.69,0.632,0.61,0.584,0.467,0.702,22.284,0.54,0.13,0.564,0.497,0.461,0.439,0.434,0.437,0.502,0.567,0.629,0.516,0.747,24.239,0.32,0.16,0.631
0,0.857,0.774,0.5,0.96,0.564,0.497,0.461,0.439,0.434,0.437,0.502,0.567,0.618,0.646,0.671,0.696,0.707,0.704,0.696,0.683,0.677,0.663,0.654,0.656,0.682,0.725,0.701,0.646,0.631,0.629,0.516,0.747,24.239,0.32,0.16,0.577,0.514,0.473,0.454,0.443,0.452,0.512,0.576,0.629,0.509,0.74,26.342,0.1,0.28,0.631
0,1,0.806,0.5,0.96,0.577,0.514,0.473,0.454,0.443,0.452,0.512,0.576,0.628,0.653,0.679,0.698,0.71,0.708,0.697,0.687,0.678,0.666,0.652,0.64,0.659,0.702,0.662,0.616,0.631,0.629,0.509,0.74,26.342,0.1,0.28,0.562,0.509,0.47,0.446,0.44,0.443,0.478,0.533,0.602,0.502,0.711,27.432,0.08,0.37,0.6
0,0.143,0.839,0.5,0.96,0.562,0.509,0.47,0.446,0.44,0.443,0.478,0.533,0.571,0.602,0.625,0.66,0.659,0.665,0.66,0.633,0.635,0.623,0.611,0.601,0.628,0.674,0.65,0.614,0.6,0.602,0.502,0.711,27.432,0.08,0.37,0.562,0.507,0.461,0.44,0.425,0.425,0.446,0.495,0.602,0.511,0.693,27.352,0.25,0.25,0.571
0,0.286,0.871,0.5,0.96,0.562,0.507,0.461,0.44,0.425,0.425,0.446,0.495,0.531,0.571,0.595,0.618,0.624,0.619,0.601,0.591,0.587,0.581,0.575,0.571,0.607,0.656,0.634,0.596,0.571,0.602,0.511,0.693,27.352,0.25,0.25,0.542,0.483,0.447,0.434,0.43,0.436,0.495,0.555,0.516,0.378,0.671,27.306,0.66,0.22,0.596
0,0.429,0.903,0.5,0.96,0.542,0.483,0.447,0.434,0.43,0.436,0.495,0.555,0.594,0.624,0.643,0.661,0.674,0.682,0.672,0.656,0.651,0.628,0.6,0.602,0.621,0.623,0.593,0.552,0.596,0.516,0.378,0.671,27.306,0.66,0.22,0.506,0.465,0.438,0.427,0.424,0.441,0.488,0.541,0.413,0.378,0.458,25.203,0.85,0.21,0.561
0,0.571,0.935,0.5,0.96,0.506,0.465,0.438,0.427,0.424,0.441,0.488,0.541,0.567,0.578,0.583,0.597,0.59,0.589,0.587,0.572,0.565,0.554,0.558,0.575,0.606,0.646,0.615,0.575,0.561,0.413,0.378,0.458,25.203,0.85,0.21,0.528,0.482,0.449,0.435,0.426,0.446,0.493,0.548,0.502,0.367,0.624,21.745,0.12,0.12,0.583
0,0.714,0.968,0.5,0.96,0.528,0.482,0.449,0.435,0.426,0.446,0.493,0.548,0.583,0.596,0.609,0.621,0.628,0.627,0.617,0.604,0.599,0.591,0.59,0.59,0.621,0.674,0.639,0.596,0.583,0.502,0.367,0.624,21.745,0.12,0.12,0.544,0.488,0.451,0.431,0.427,0.438,0.489,0.553,0.547,0.411,0.669,22.081,0.25,0.14,0.593
0,0.857,0.032,0.583,0.96,0.544,0.488,0.451,0.431,0.427,0.438,0.489,0.553,0.59,0.606,0.622,0.635,0.644,0.643,0.641,0.625,0.616,0.609,0.611,0.604,0.637,0.69,0.65,0.599,0.593,0.547,0.411,0.669,22.081,0.25,0.14,0.542,0.483,0.446,0.43,0.428,0.435,0.486,0.55,0.582,0.453,0.698,23.3,0.32,0.1,0.6
0,1,0.065,0.583,0.96,0.542,0.483,0.446,0.43,0.428,0.435,0.486,0.55,0.59,0.61,0.638,0.653,0.668,0.664,0.648,0.638,0.627,0.624,0.617,0.623,0.648,0.689,0.656,0.606,0.6,0.582,0.453,0.698,23.3,0.32,0.1,0.553,0.507,0.47,0.45,0.436,0.437,0.476,0.526,0.591,0.469,0.707,24.735,0.06,0.12,0.592
0,0.143,0.097,0.583,0.96,0.553,0.507,0.47,0.45,0.436,0.437,0.476,0.526,0.57,0.602,0.622,0.646,0.651,0.648,0.631,0.622,0.614,0.609,0.595,0.6,0.631,0.676,0.65,0.601,0.592,0.591,0.469,0.707,24.735,0.06,0.12,0.557,0.501,0.463,0.432,0.422,0.413,0.439,0.477,0.551,0.482,0.638,25.723,0.34,0.2,0.555
0,0.286,0.129,0.583,0.96,0.557,0.501,0.463,0.432,0.422,0.413,0.439,0.477,0.515,0.554,0.579,0.598,0.605,0.598,0.582,0.566,0.557,0.549,0.548,0.557,0.59,0.646,0.62,0.574,0.555,0.551,0.482,0.638,25.723,0.34,0.2,0.518,0.472,0.437,0.421,0.418,0.418,0.48,0.542,0.5,0.422,0.596,25.361,0.24,0.18,0.575
0,0.429,0.161,0.583,0.96,0.518,0.472,0.437,0.421,0.418,0.418,0.48,0.542,0.575,0.589,0.599,0.612,0.615,0.615,0.608,0.604,0.596,0.59,0.587,0.585,0.624,0.67,0.641,0.602,0.575,0.5,0.422,0.596,25.361,0.24,0.18,0.534,0.473,0.439,0.424,0.42,0.434,0.488,0.551,0.52,0.378,0.633,23.929,0.16,0.14,0.58
0,0.571,0.194,0.583,0.96,0.534,0.473,0.439,0.424,0.42,0.434,0.488,0.551,0.578,0.597,0.608,0.62,0.622,0.625,0.618,0.616,0.6,0.59,0.587,0.586,0.616,0.666,0.637,0.594,0.58,0.52,0.378,0.633,23.929,0.16,0.14,0.535,0.477,0.439,0.428,0.421,0.431,0.486,0.55,0.527,0.424,0.644,23.645,0.53,0.2,0.586
1,0.714,0.226,0.583,0.96,0.535,0.477,0.439,0.428,0.421,0.431,0.486,0.55,0.582,0.603,0.615,0.629,0.636,0.632,0.623,0.611,0.603,0.597,0.589,0.604,0.644,0.68,0.647,0.598,0.586,0.527,0.424,0.644,23.645,0.53,0.2,0.537,0.476,0.447,0.432,0.427,0.43,0.482,0.542,0.487,0.402,0.573,23.632,0.23,0.16,0.566
0,0.857,0.258,0.583,0.96,0.537,0.476,0.447,0.432,0.427,0.43,0.482,0.542,0.577,0.586,0.596,0.605,0.61,0.603,0.59,0.583,0.577,0.562,0.558,0.563,0.6,0.646,0.614,0.571,0.566,0.487,0.402,0.573,23.632,0.23,0.16,0.518,0.469,0.437,0.422,0.419,0.427,0.483,0.544,0.496,0.342,0.616,22.69,0.24,0.15,0.572
0,1,0.29,0.583,0.96,0.518,0.469,0.437,0.422,0.419,0.427,0.483,0.544,0.573,0.586,0.599,0.627,0.616,0.614,0.607,0.596,0.588,0.579,0.574,0.584,0.617,0.66,0.625,0.582,0.572,0.496,0.342,0.616,22.69,0.24,0.15,0.523,0.468,0.432,0.42,0.414,0.411,0.445,0.5,0.56,0.409,0.682,22.455,0.29,0.16,0.558
0,0.143,0.323,0.583,0.96,0.523,0.468,0.432,0.42,0.414,0.411,0.445,0.5,0.542,0.57,0.586,0.606,0.616,0.617,0.601,0.582,0.571,0.564,0.566,0.563,0.606,0.646,0.614,0.567,0.558,0.56,0.409,0.682,22.455,0.29,0.16,0.51,0.46,0.423,0.407,0.396,0.389,0.411,0.455,0.56,0.424,0.678,23.871,0.07,0.15,0.532
0,0.286,0.355,0.583,0.96,0.51,0.46,0.423,0.407,0.396,0.389,0.411,0.455,0.505,0.538,0.564,0.583,0.58,0.572,0.554,0.539,0.53,0.532,0.531,0.535,0.576,0.631,0.614,0.567,0.532,0.56,0.424,0.678,23.871,0.07,0.15,0.526,0.464,0.423,0.414,0.406,0.413,0.476,0.538,0.596,0.442,0.709,24.565,0,0.18,0.586
1,0.429,0.387,0.583,0.96,0.526,0.464,0.423,0.414,0.406,0.413,0.476,0.538,0.579,0.597,0.615,0.631,0.644,0.642,0.636,0.629,0.62,0.612,0.607,0.603,0.641,0.682,0.659,0.614,0.586,0.596,0.442,0.709,24.565,0,0.18,0.536,0.479,0.444,0.432,0.432,0.428,0.48,0.539,0.644,0.491,0.787,25.732,0.01,0.31,0.595
0,0.571,0.419,0.583,0.96,0.536,0.479,0.444,0.432,0.432,0.428,0.48,0.539,0.58,0.603,0.624,0.639,0.664,0.66,0.65,0.64,0.628,0.629,0.622,0.615,0.64,0.68,0.652,0.598,0.595,0.644,0.491,0.787,25.732,0.01,0.31,0.551,0.49,0.454,0.437,0.432,0.435,0.495,0.556,0.667,0.562,0.789,27.481,0.02,0.29,0.622
0,0.714,0.452,0.583,0.96,0.551,0.49,0.454,0.437,0.432,0.435,0.495,0.556,0.602,0.63,0.654,0.68,0.697,0.696,0.691,0.675,0.67,0.668,0.658,0.653,0.674,0.716,0.682,0.624,0.622,0.667,0.562,0.789,27.481,0.02,0.29,0.557,0.498,0.458,0.444,0.434,0.438,0.495,0.559,0.524,0.427,0.682,28.865,0.56,0.23,0.585
0,0.857,0.484,0.583,0.96,0.557,0.498,0.458,0.444,0.434,0.438,0.495,0.559,0.602,0.626,0.645,0.659,0.656,0.648,0.62,0.594,0.587,0.58,0.568,0.573,0.612,0.64,0.604,0.562,0.585,0.524,0.427,0.682,28.865,0.56,0.23,0.516,0.466,0.434,0.421,0.412,0.419,0.474,0.522,0.4,0.351,0.496,26.206,0.84,0.2,0.551
0,1,0.516,0.583,0.96,0.516,0.466,0.434,0.421,0.412,0.419,0.474,0.522,0.548,0.571,0.572,0.592,0.591,0.587,0.572,0.568,0.569,0.56,0.58,0.593,0.606,0.603,0.562,0.524,0.551,0.4,0.351,0.496,26.206,0.84,0.2,0.479,0.452,0.416,0.397,0.387,0.389,0.413,0.464,0.36,0.322,0.451,21.987,0.8,0.25,0.521
0,0.143,0.548,0.583,0.96,0.479,0.452,0.416,0.397,0.387,0.389,0.413,0.464,0.515,0.546,0.558,0.574,0.57,0.564,0.55,0.536,0.527,0.52,0.521,0.538,0.573,0.593,0.559,0.524,0.521,0.36,0.322,0.451,21.987,0.8,0.25,0.491,0.446,0.414,0.391,0.383,0.369,0.382,0.423,0.353,0.316,0.42,18.923,0.99,0.25,0.499
0,0.286,0.581,0.583,0.96,0.491,0.446,0.414,0.391,0.383,0.369,0.382,0.423,0.469,0.509,0.515,0.526,0.53,0.539,0.52,0.503,0.494,0.495,0.5,0.526,0.563,0.574,0.546,0.531,0.499,0.353,0.316,0.42,18.923,0.99,0.25,0.468,0.416,0.396,0.382,0.387,0.397,0.454,0.518,0.478,0.373,0.589,17.2,0.57,0.19,0.542
0,0.429,0.613,0.583,0.96,0.468,0.416,0.396,0.382,0.387,0.397,0.454,0.518,0.552,0.559,0.57,0.584,0.59,0.582,0.572,0.566,0.558,0.554,0.552,0.563,0.61,0.643,0.6,0.564,0.542,0.478,0.373,0.589,17.2,0.57,0.19,0.504,0.453,0.422,0.398,0.408,0.407,0.458,0.524,0.473,0.4,0.56,19.213,0.48,0.17,0.549
0,0.571,0.645,0.583,0.96,0.504,0.453,0.422,0.398,0.408,0.407,0.458,0.524,0.552,0.566,0.577,0.585,0.594,0.582,0.577,0.568,0.559,0.551,0.554,0.564,0.61,0.635,0.596,0.555,0.549,0.473,0.4,0.56,19.213,0.48,0.17,0.497,0.444,0.418,0.402,0.396,0.409,0.456,0.514,0.502,0.382,0.613,20.219,0.38,0.16,0.551
0,0.714,0.677,0.583,0.96,0.497,0.444,0.418,0.402,0.396,0.409,0.456,0.514,0.554,0.57,0.583,0.592,0.6,0.594,0.58,0.574,0.566,0.559,0.559,0.566,0.612,0.649,0.61,0.56,0.551,0.502,0.382,0.613,20.219,0.38,0.16,0.502,0.456,0.428,0.409,0.408,0.411,0.459,0.504,0.529,0.404,0.644,21.484,0.31,0.14,0.557
0,0.857,0.71,0.583,0.96,0.502,0.456,0.428,0.409,0.408,0.411,0.459,0.504,0.555,0.573,0.584,0.596,0.603,0.601,0.594,0.585,0.576,0.572,0.571,0.57,0.618,0.644,0.604,0.571,0.557,0.529,0.404,0.644,21.484,0.31,0.14,0.512,0.466,0.432,0.417,0.415,0.423,0.482,0.531,0.573,0.436,0.711,22.765,0.01,0.16,0.58
0,1,0.742,0.583,0.96,0.512,0.466,0.432,0.417,0.415,0.423,0.482,0.531,0.576,0.596,0.606,0.621,0.639,0.64,0.631,0.618,0.604,0.598,0.59,0.596,0.638,0.673,0.633,0.595,0.58,0.573,0.436,0.711,22.765,0.01,0.16,0.531,0.482,0.447,0.428,0.426,0.421,0.464,0.509,0.609,0.482,0.727,24.442,0.01,0.14,0.573
0,0.143,0.774,0.583,0.96,0.531,0.482,0.447,0.428,0.426,0.421,0.464,0.509,0.558,0.582,0.598,0.617,0.627,0.627,0.614,0.596,0.594,0.587,0.578,0.574,0.628,0.662,0.63,0.584,0.573,0.609,0.482,0.727,24.442,0.01,0.14,0.534,0.48,0.45,0.425,0.422,0.407,0.44,0.474,0.622,0.489,0.729,26.016,0.16,0.14,0.557
0,0.286,0.806,0.583,0.96,0.534,0.48,0.45,0.425,0.422,0.407,0.44,0.474,0.519,0.561,0.586,0.612,0.613,0.604,0.586,0.563,0.573,0.572,0.558,0.567,0.618,0.65,0.622,0.572,0.557,0.622,0.489,0.729,26.016,0.16,0.14,0.525,0.47,0.439,0.43,0.427,0.426,0.489,0.549,0.553,0.48,0.707,27.116,0.52,0.2,0.589
0,0.429,0.839,0.583,0.96,0.525,0.47,0.439,0.43,0.427,0.426,0.489,0.549,0.597,0.62,0.638,0.658,0.675,0.671,0.661,0.644,0.612,0.594,0.594,0.593,0.632,0.64,0.599,0.555,0.589,0.553,0.48,0.707,27.116,0.52,0.2,0.509,0.457,0.432,0.423,0.416,0.428,0.476,0.528,0.5,0.44,0.589,26.045,0.8,0.12,0.561
0,0.571,0.871,0.583,0.96,0.509,0.457,0.432,0.423,0.416,0.428,0.476,0.528,0.566,0.574,0.58,0.594,0.6,0.598,0.595,0.586,0.573,0.57,0.567,0.571,0.622,0.642,0.616,0.573,0.561,0.5,0.44,0.589,26.045,0.8,0.12,0.522,0.47,0.435,0.42,0.429,0.428,0.481,0.543,0.562,0.438,0.693,24.252,0.26,0.14,0.585
0,0.714,0.903,0.583,0.96,0.522,0.47,0.435,0.42,0.429,0.428,0.481,0.543,0.574,0.596,0.612,0.63,0.639,0.636,0.629,0.613,0.614,0.601,0.599,0.602,0.657,0.684,0.646,0.6,0.585,0.562,0.438,0.693,24.252,0.26,0.14,0.544,0.484,0.45,0.435,0.442,0.438,0.488,0.554,0.569,0.487,0.724,24.768,0.52,0.21,0.589
0,0.857,0.935,0.583,0.96,0.544,0.484,0.45,0.435,0.442,0.438,0.488,0.554,0.584,0.614,0.622,0.644,0.65,0.651,0.64,0.618,0.605,0.599,0.6,0.609,0.651,0.653,0.608,0.562,0.589,0.569,0.487,0.724,24.768,0.52,0.21,0.51,0.468,0.435,0.422,0.422,0.426,0.471,0.526,0.538,0.444,0.658,25.155,0.59,0.12,0.575
1,1,0.968,0.583,0.96,0.51,0.468,0.435,0.422,0.422,0.426,0.471,0.526,0.565,0.576,0.595,0.613,0.624,0.624,0.613,0.61,0.603,0.594,0.586,0.597,0.647,0.669,0.632,0.586,0.575,0.538,0.444,0.658,25.155,0.59,0.12,0.524,0.479,0.445,0.421,0.419,0.413,0.441,0.491,0.58,0.469,0.707,24.616,0.18,0.12,0.557
0,0.143,1,0.583,0.96,0.524,0.479,0.445,0.421,0.419,0.413,0.441,0.491,0.536,0.567,0.588,0.602,0.603,0.604,0.594,0.584,0.573,0.568,0.566,0.56,0.612,0.634,0.603,0.566,0.557,0.58,0.469,0.707,24.616,0.18,0.12,0.52,0.468,0.44,0.42,0.41,0.4,0.423,0.468,0.62,0.458,0.747,25.377,0.01,0.17,0.551
0,0.286,0.032,0.667,0.96,0.52,0.468,0.44,0.42,0.41,0.4,0.423,0.468,0.515,0.554,0.583,0.599,0.622,0.597,0.582,0.57,0.566,0.559,0.561,0.558,0.616,0.644,0.616,0.561,0.551,0.62,0.458,0.747,25.377,0.01,0.17,0.516,0.46,0.428,0.415,0.408,0.422,0.472,0.525,0.538,0.431,0.662,26.726,0.4,0.23,0.569
1,0.429,0.065,0.667,0.96,0.516,0.46,0.428,0.415,0.408,0.422,0.472,0.525,0.573,0.598,0.61,0.622,0.633,0.637,0.625,0.614,0.6,0.583,0.586,0.591,0.626,0.621,0.575,0.529,0.569,0.538,0.431,0.662,26.726,0.4,0.23,0.482,0.441,0.411,0.402,0.399,0.41,0.449,0.505,0.473,0.391,0.578,25.445,0.79,0.18,0.536
0,0.571,0.097,0.667,0.96,0.482,0.441,0.411,0.402,0.399,0.41,0.449,0.505,0.535,0.565,0.573,0.582,0.575,0.58,0.565,0.546,0.54,0.539,0.536,0.549,0.608,0.602,0.567,0.537,0.536,0.473,0.391,0.578,25.445,0.79,0.18,0.49,0.448,0.407,0.402,0.402,0.405,0.451,0.51,0.516,0.391,0.633,23.303,0.26,0.16,0.553
0,0.714,0.129,0.667,0.96,0.49,0.448,0.407,0.402,0.402,0.405,0.451,0.51,0.549,0.57,0.584,0.592,0.6,0.597,0.595,0.578,0.569,0.567,0.557,0.573,0.632,0.651,0.613,0.557,0.553,0.516,0.391,0.633,23.303,0.26,0.16,0.506,0.452,0.422,0.405,0.409,0.406,0.454,0.513,0.562,0.411,0.689,23.235,0.03,0.16,0.563
0,0.857,0.161,0.667,0.96,0.506,0.452,0.422,0.405,0.409,0.406,0.454,0.513,0.557,0.573,0.582,0.611,0.611,0.61,0.607,0.602,0.588,0.584,0.577,0.583,0.643,0.654,0.607,0.57,0.563,0.562,0.411,0.689,23.235,0.03,0.16,0.522,0.47,0.428,0.414,0.417,0.43,0.474,0.53,0.62,0.484,0.756,24.255,0.01,0.34,0.587
0,1,0.194,0.667,0.96,0.522,0.47,0.428,0.414,0.417,0.43,0.474,0.53,0.573,0.6,0.612,0.634,0.648,0.649,0.647,0.632,0.629,0.617,0.616,0.604,0.668,0.672,0.625,0.582,0.587,0.62,0.484,0.756,24.255,0.01,0.34,0.53,0.476,0.44,0.421,0.417,0.416,0.443,0.491,0.473,0.442,0.564,26.077,0.74,0.22,0.54
0,0.143,0.226,0.667,0.96,0.53,0.476,0.44,0.421,0.417,0.416,0.443,0.491,0.532,0.558,0.568,0.581,0.583,0.576,0.56,0.549,0.537,0.533,0.538,0.56,0.608,0.605,0.561,0.527,0.54,0.473,0.442,0.564,26.077,0.74,0.22,0.486,0.443,0.415,0.401,0.4,0.382,0.4,0.435,0.464,0.413,0.567,23.642,0.57,0.22,0.512
0,0.286,0.258,0.667,0.96,0.486,0.443,0.415,0.401,0.4,0.382,0.4,0.435,0.485,0.524,0.552,0.564,0.561,0.551,0.527,0.511,0.504,0.499,0.504,0.526,0.588,0.598,0.56,0.539,0.512,0.464,0.413,0.567,23.642,0.57,0.22,0.493,0.443,0.416,0.401,0.401,0.413,0.456,0.523,0.458,0.356,0.587,22.265,0.51,0.15,0.545
0,0.429,0.29,0.667,0.96,0.493,0.443,0.416,0.401,0.401,0.413,0.456,0.523,0.555,0.567,0.576,0.582,0.586,0.584,0.566,0.559,0.544,0.542,0.546,0.56,0.626,0.634,0.595,0.548,0.545,0.458,0.356,0.587,22.265,0.51,0.15,0.504,0.457,0.43,0.406,0.421,0.419,0.451,0.516,0.536,0.424,0.653,21.39,0.44,0.16,0.558
0,0.571,0.323,0.667,0.96,0.504,0.457,0.43,0.406,0.421,0.419,0.451,0.516,0.555,0.578,0.582,0.59,0.6,0.594,0.59,0.581,0.574,0.563,0.565,0.586,0.644,0.642,0.606,0.565,0.558,0.536,0.424,0.653,21.39,0.44,0.16,0.514,0.46,0.436,0.422,0.411,0.42,0.47,0.527,0.547,0.387,0.711,22.726,0.44,0.15,0.568
0,0.714,0.355,0.667,0.96,0.514,0.46,0.436,0.422,0.411,0.42,0.47,0.527,0.568,0.586,0.592,0.611,0.622,0.626,0.619,0.61,0.604,0.594,0.596,0.615,0.646,0.616,0.567,0.53,0.568,0.547,0.387,0.711,22.726,0.44,0.15,0.49,0.444,0.418,0.409,0.408,0.42,0.458,0.519,0.329,0.313,0.353,23.61,0.98,0.2,0.547
0,0.857,0.387,0.667,0.96,0.49,0.444,0.418,0.409,0.408,0.42,0.458,0.519,0.553,0.566,0.576,0.59,0.594,0.587,0.57,0.561,0.558,0.563,0.568,0.594,0.626,0.608,0.566,0.529,0.547,0.329,0.313,0.353,23.61,0.98,0.2,0.482,0.433,0.414,0.399,0.401,0.42,0.455,0.518,0.389,0.298,0.509,19.1,0.48,0.18,0.542
0,1,0.419,0.667,0.96,0.482,0.433,0.414,0.399,0.401,0.42,0.455,0.518,0.555,0.567,0.57,0.578,0.585,0.57,0.566,0.553,0.547,0.533,0.539,0.569,0.628,0.63,0.587,0.551,0.542,0.389,0.298,0.509,19.1,0.48,0.18,0.5,0.448,0.417,0.401,0.402,0.406,0.436,0.482,0.402,0.256,0.54,18.245,0.1,0.12,0.528
0,0.143,0.452,0.667,0.96,0.5,0.448,0.417,0.401,0.402,0.406,0.436,0.482,0.522,0.556,0.555,0.561,0.574,0.564,0.546,0.539,0.528,0.516,0.518,0.544,0.615,0.604,0.563,0.517,0.528,0.402,0.256,0.54,18.245,0.1,0.12,0.476,0.437,0.407,0.384,0.385,0.378,0.396,0.437,0.449,0.296,0.593,18.132,0.06,0.13,0.507
0,0.286,0.484,0.667,0.96,0.476,0.437,0.407,0.384,0.385,0.378,0.396,0.437,0.483,0.517,0.54,0.554,0.553,0.546,0.521,0.516,0.496,0.495,0.494,0.527,0.593,0.603,0.575,0.528,0.507,0.449,0.296,0.593,18.132,0.06,0.13,0.482,0.429,0.402,0.388,0.385,0.401,0.444,0.514,0.504,0.338,0.649,19.103,0,0.11,0.544
0,0.429,0.516,0.667,0.96,0.482,0.429,0.402,0.388,0.385,0.401,0.444,0.514,0.544,0.566,0.57,0.582,0.594,0.587,0.582,0.57,0.561,0.552,0.553,0.574,0.646,0.636,0.585,0.547,0.544,0.504,0.338,0.649,19.103,0,0.11,0.494,0.447,0.42,0.407,0.405,0.424,0.463,0.525,0.529,0.4,0.664,20.871,0.38,0.13,0.562
0,0.571,0.548,0.667,0.96,0.494,0.447,0.42,0.407,0.405,0.424,0.463,0.525,0.559,0.578,0.591,0.603,0.614,0.609,0.604,0.589,0.582,0.571,0.574,0.592,0.659,0.65,0.602,0.558,0.562,0.529,0.4,0.664,20.871,0.38,0.13,0.5,0.458,0.428,0.415,0.414,0.423,0.471,0.524,0.493,0.416,0.678,22.481,0.45,0.16,0.564
0,0.714,0.581,0.667,0.96,0.5,0.458,0.428,0.415,0.414,0.423,0.471,0.524,0.564,0.588,0.601,0.621,0.622,0.619,0.598,0.591,0.571,0.566,0.578,0.614,0.658,0.62,0.581,0.544,0.564,0.493,0.416,0.678,22.481,0.45,0.16,0.49,0.448,0.422,0.421,0.422,0.424,0.459,0.518,0.496,0.409,0.609,22.416,0.67,0.15,0.558
1,0.857,0.613,0.667,0.96,0.49,0.448,0.422,0.421,0.422,0.424,0.459,0.518,0.547,0.57,0.58,0.583,0.591,0.609,0.595,0.578,0.578,0.568,0.568,0.6,0.659,0.644,0.594,0.552,0.558,0.496,0.409,0.609,22.416,0.67,0.15,0.492,0.447,0.418,0.405,0.407,0.406,0.454,0.508,0.516,0.393,0.682,22.426,0.45,0.15,0.547
0,1,0.645,0.667,0.96,0.492,0.447,0.418,0.405,0.407,0.406,0.454,0.508,0.544,0.565,0.572,0.588,0.6,0.592,0.595,0.572,0.566,0.558,0.554,0.58,0.625,0.608,0.569,0.539,0.547,0.516,0.393,0.682,22.426,0.45,0.15,0.502,0.46,0.436,0.417,0.411,0.41,0.443,0.492,0.511,0.407,0.64,22.861,0.36,0.12,0.55
0,0.143,0.677,0.667,0.96,0.502,0.46,0.436,0.417,0.411,0.41,0.443,0.492,0.537,0.556,0.574,0.589,0.596,0.592,0.581,0.566,0.563,0.544,0.554,0.579,0.648,0.631,0.59,0.552,0.55,0.511,0.407,0.64,22.861,0.36,0.12,0.511,0.47,0.431,0.418,0.41,0.406,0.414,0.452,0.58,0.447,0.72,22.935,0.27,0.2,0.534
0,0.286,0.71,0.667,0.96,0.511,0.47,0.431,0.418,0.41,0.406,0.414,0.452,0.497,0.532,0.556,0.572,0.578,0.57,0.554,0.54,0.532,0.531,0.528,0.566,0.641,0.617,0.582,0.544,0.534,0.58,0.447,0.72,22.935,0.27,0.2,0.498,0.45,0.416,0.398,0.402,0.406,0.449,0.506,0.398,0.353,0.507,24.555,0.92,0.23,0.549
0,0.429,0.742,0.667,0.96,0.498,0.45,0.416,0.398,0.402,0.406,0.449,0.506,0.553,0.569,0.581,0.588,0.594,0.593,0.579,0.567,0.559,0.554,0.572,0.607,0.638,0.622,0.569,0.532,0.549,0.398,0.353,0.507,24.555,0.92,0.23,0.487,0.442,0.417,0.406,0.407,0.424,0.467,0.524,0.384,0.353,0.422,21.158,1,0.15,0.559
0,0.571,0.774,0.667,0.96,0.487,0.442,0.417,0.406,0.407,0.424,0.467,0.524,0.571,0.584,0.59,0.6,0.606,0.598,0.583,0.584,0.575,0.572,0.585,0.618,0.644,0.625,0.589,0.551,0.559,0.384,0.353,0.422,21.158,1,0.15,0.497,0.455,0.425,0.411,0.413,0.429,0.474,0.54,0.487,0.391,0.6,19.148,0.62,0.16,0.561
0,0.714,0.806,0.667,0.96,0.497,0.455,0.425,0.411,0.413,0.429,0.474,0.54,0.569,0.581,0.584,0.597,0.594,0.596,0.584,0.578,0.568,0.562,0.567,0.614,0.665,0.642,0.599,0.554,0.561,0.487,0.391,0.6,19.148,0.62,0.16,0.501,0.45,0.419,0.418,0.416,0.431,0.464,0.531,0.491,0.36,0.627,20.503,0.09,0.12,0.561
0,0.857,0.839,0.667,0.96,0.501,0.45,0.419,0.418,0.416,0.431,0.464,0.531,0.563,0.573,0.583,0.593,0.598,0.597,0.592,0.584,0.58,0.569,0.568,0.611,0.667,0.645,0.596,0.548,0.561,0.491,0.36,0.627,20.503,0.09,0.12,0.496,0.452,0.415,0.407,0.408,0.423,0.468,0.53,0.509,0.384,0.647,21.287,0.14,0.12,0.561
0,1,0.871,0.667,0.96,0.496,0.452,0.415,0.407,0.408,0.423,0.468,0.53,0.56,0.579,0.582,0.601,0.609,0.609,0.598,0.589,0.582,0.572,0.567,0.613,0.668,0.642,0.583,0.546,0.561,0.509,0.384,0.647,21.287,0.14,0.12,0.499,0.454,0.421,0.408,0.396,0.407,0.437,0.486,0.529,0.391,0.653,22.042,0.08,0.14,0.543
1,0.143,0.903,0.667,0.96,0.499,0.454,0.421,0.408,0.396,0.407,0.437,0.486,0.528,0.558,0.572,0.587,0.595,0.589,0.572,0.56,0.551,0.545,0.545,0.586,0.644,0.622,0.578,0.532,0.543,0.529,0.391,0.653,22.042,0.08,0.14,0.492,0.438,0.412,0.381,0.389,0.389,0.397,0.44,0.536,0.38,0.68,23.016,0,0.15,0.506
0,0.286,0.935,0.667,0.96,0.492,0.438,0.412,0.381,0.389,0.389,0.397,0.44,0.485,0.52,0.538,0.546,0.55,0.536,0.522,0.503,0.496,0.488,0.494,0.538,0.596,0.585,0.552,0.512,0.506,0.536,0.38,0.68,23.016,0,0.15,0.47,0.426,0.397,0.387,0.389,0.404,0.46,0.521,0.54,0.398,0.702,23.668,0,0.12,0.562
0,0.429,0.968,0.667,0.96,0.47,0.426,0.397,0.387,0.389,0.404,0.46,0.521,0.569,0.579,0.59,0.607,0.613,0.612,0.606,0.612,0.585,0.582,0.587,0.626,0.678,0.653,0.598,0.553,0.562,0.54,0.398,0.702,23.668,0,0.12,0.5,0.45,0.424,0.409,0.41,0.43,0.474,0.532,0.522,0.407,0.656,24.023,0.33,0.21,0.572
0,0.571,1,0.667,0.96,0.5,0.45,0.424,0.409,0.41,0.43,0.474,0.532,0.568,0.586,0.595,0.613,0.618,0.624,0.611,0.598,0.592,0.582,0.582,0.635,0.681,0.654,0.608,0.566,0.572,0.522,0.407,0.656,24.023,0.33,0.21,0.522,0.468,0.438,0.424,0.422,0.437,0.482,0.542,0.513,0.389,0.644,23.784,0.06,0.16,0.582
0,0.714,0.032,0.75,0.96,0.522,0.468,0.438,0.424,0.422,0.437,0.482,0.542,0.582,0.595,0.599,0.614,0.621,0.62,0.616,0.608,0.599,0.588,0.589,0.642,0.696,0.672,0.622,0.575,0.582,0.513,0.389,0.644,23.784,0.06,0.16,0.496,0.446,0.419,0.413,0.422,0.435,0.484,0.545,0.524,0.373,0.644,23.445,0.25,0.15,0.57
0,0.857,0.065,0.75,0.96,0.496,0.446,0.419,0.413,0.422,0.435,0.484,0.545,0.57,0.579,0.594,0.61,0.613,0.606,0.6,0.594,0.585,0.578,0.58,0.64,0.677,0.657,0.605,0.546,0.57,0.524,0.373,0.644,23.445,0.25,0.15,0.502,0.456,0.423,0.415,0.416,0.434,0.486,0.543,0.513,0.404,0.644,23.519,0.25,0.12,0.564
0,1,0.097,0.75,0.96,0.502,0.456,0.423,0.415,0.416,0.434,0.486,0.543,0.577,0.583,0.587,0.601,0.614,0.6,0.589,0.58,0.57,0.565,0.564,0.625,0.663,0.637,0.589,0.543,0.564,0.513,0.404,0.644,23.519,0.25,0.12,0.497,0.452,0.422,0.41,0.404,0.419,0.441,0.495,0.507,0.367,0.667,23.294,0.1,0.14,0.541
0,0.143,0.129,0.75,0.96,0.497,0.452,0.422,0.41,0.404,0.419,0.441,0.495,0.533,0.549,0.563,0.576,0.584,0.581,0.568,0.553,0.545,0.535,0.544,0.602,0.635,0.613,0.57,0.532,0.541,0.507,0.367,0.667,23.294,0.1,0.14,0.478,0.442,0.412,0.398,0.394,0.396,0.403,0.444,0.518,0.364,0.68,23.023,0.17,0.13,0.519
0,0.286,0.161,0.75,0.96,0.478,0.442,0.412,0.398,0.394,0.396,0.403,0.444,0.49,0.524,0.542,0.559,0.561,0.554,0.537,0.524,0.51,0.501,0.514,0.584,0.629,0.611,0.57,0.533,0.519,0.518,0.364,0.68,23.023,0.17,0.13,0.476,0.431,0.402,0.395,0.4,0.42,0.478,0.536,0.407,0.331,0.504,23.158,0.78,0.18,0.556
0,0.429,0.194,0.75,0.96,0.476,0.431,0.402,0.395,0.4,0.42,0.478,0.536,0.565,0.58,0.583,0.594,0.596,0.588,0.584,0.578,0.574,0.573,0.593,0.642,0.654,0.621,0.574,0.536,0.556,0.407,0.331,0.504,23.158,0.78,0.18,0.482,0.439,0.398,0.398,0.402,0.421,0.477,0.544,0.371,0.307,0.433,20.652,0.98,0.15,0.56
0,0.571,0.226,0.75,0.96,0.482,0.439,0.398,0.398,0.402,0.421,0.477,0.544,0.578,0.594,0.593,0.605,0.606,0.588,0.582,0.572,0.566,0.57,0.594,0.651,0.66,0.632,0.586,0.533,0.56,0.371,0.307,0.433,20.652,0.98,0.15,0.483,0.442,0.413,0.411,0.41,0.429,0.482,0.547,0.467,0.38,0.562,18.565,0.85,0.22,0.564
0,0.714,0.258,0.75,0.96,0.483,0.442,0.413,0.411,0.41,0.429,0.482,0.547,0.573,0.59,0.59,0.596,0.605,0.59,0.58,0.577,0.573,0.568,0.596,0.654,0.666,0.644,0.592,0.545,0.564,0.467,0.38,0.562,18.565,0.85,0.22,0.49,0.441,0.409,0.4,0.411,0.428,0.478,0.542,0.522,0.431,0.642,19.748,0.37,0.26,0.56
0,0.857,0.29,0.75,0.96,0.49,0.441,0.409,0.4,0.411,0.428,0.478,0.542,0.566,0.577,0.583,0.596,0.593,0.589,0.589,0.576,0.567,0.566,0.582,0.65,0.667,0.631,0.593,0.545,0.56,0.522,0.431,0.642,19.748,0.37,0.26,0.489,0.441,0.414,0.413,0.405,0.429,0.481,0.548,0.529,0.396,0.669,21.635,0.56,0.17,0.566
0,1,0.323,0.75,0.96,0.489,0.441,0.414,0.413,0.405,0.429,0.481,0.548,0.573,0.582,0.587,0.6,0.606,0.596,0.587,0.586,0.578,0.57,0.587,0.661,0.671,0.655,0.582,0.556,0.566,0.529,0.396,0.669,21.635,0.56,0.17,0.505,0.462,0.428,0.416,0.414,0.424,0.453,0.503,0.498,0.411,0.587,22.726,0.78,0.13,0.548
1,0.143,0.355,0.75,0.96,0.505,0.462,0.428,0.416,0.414,0.424,0.453,0.503,0.546,0.566,0.573,0.584,0.585,0.574,0.562,0.556,0.546,0.542,0.558,0.631,0.638,0.613,0.57,0.545,0.548,0.498,0.411,0.587,22.726,0.78,0.13,0.486,0.444,0.414,0.397,0.392,0.399,0.406,0.448,0.551,0.476,0.664,22.629,0.64,0.21,0.522
0,0.286,0.387,0.75,0.96,0.486,0.444,0.414,0.397,0.392,0.399,0.406,0.448,0.493,0.527,0.548,0.562,0.563,0.554,0.533,0.522,0.508,0.505,0.531,0.606,0.63,0.609,0.573,0.532,0.522,0.551,0.476,0.664,22.629,0.64,0.21,0.49,0.441,0.406,0.396,0.401,0.424,0.484,0.548,0.547,0.418,0.691,23.845,0.25,0.14,0.571
0,0.429,0.419,0.75,0.96,0.49,0.441,0.406,0.396,0.401,0.424,0.484,0.548,0.588,0.595,0.596,0.607,0.613,0.61,0.604,0.6,0.592,0.582,0.597,0.667,0.684,0.655,0.6,0.548,0.571,0.547,0.418,0.691,23.845,0.25,0.14,0.5,0.454,0.42,0.414,0.417,0.439,0.496,0.556,0.516,0.409,0.66,24.281,0.38,0.14,0.575
0,0.571,0.452,0.75,0.96,0.5,0.454,0.42,0.414,0.417,0.439,0.496,0.556,0.588,0.584,0.603,0.613,0.62,0.614,0.605,0.59,0.584,0.581,0.602,0.67,0.673,0.645,0.593,0.549,0.575,0.516,0.409,0.66,24.281,0.38,0.14,0.495,0.442,0.416,0.408,0.41,0.434,0.492,0.549,0.478,0.4,0.602,23.735,0.4,0.12,0.568
0,0.714,0.484,0.75,0.96,0.495,0.442,0.416,0.408,0.41,0.434,0.492,0.549,0.582,0.586,0.582,0.597,0.598,0.602,0.592,0.581,0.577,0.57,0.589,0.668,0.677,0.651,0.599,0.556,0.568,0.478,0.4,0.602,23.735,0.4,0.12,0.497,0.452,0.421,0.411,0.418,0.439,0.486,0.551,0.5,0.367,0.647,22.581,0.08,0.13,0.573
0,0.857,0.516,0.75,0.96,0.497,0.452,0.421,0.411,0.418,0.439,0.486,0.551,0.574,0.59,0.598,0.601,0.611,0.602,0.599,0.595,0.589,0.578,0.599,0.682,0.682,0.654,0.597,0.548,0.573,0.5,0.367,0.647,22.581,0.08,0.13,0.498,0.446,0.419,0.408,0.415,0.435,0.494,0.552,0.533,0.373,0.696,22.542,0.18,0.1,0.571
0,1,0.548,0.75,0.96,0.498,0.446,0.419,0.408,0.415,0.435,0.494,0.552,0.572,0.586,0.594,0.61,0.614,0.61,0.605,0.597,0.588,0.58,0.592,0.678,0.673,0.641,0.583,0.54,0.571,0.533,0.373,0.696,22.542,0.18,0.1,0.499,0.455,0.422,0.407,0.408,0.423,0.445,0.501,0.542,0.473,0.678,23.258,0.55,0.19,0.55
0,0.143,0.581,0.75,0.96,0.499,0.455,0.422,0.407,0.408,0.423,0.445,0.501,0.542,0.568,0.578,0.588,0.597,0.584,0.577,0.568,0.556,0.548,0.57,0.646,0.64,0.613,0.571,0.53,0.55,0.542,0.473,0.678,23.258,0.55,0.19,0.491,0.446,0.419,0.401,0.399,0.41,0.42,0.456,0.482,0.4,0.602,23.826,0.76,0.16,0.525
0,0.286,0.613,0.75,0.96,0.491,0.446,0.419,0.401,0.399,0.41,0.42,0.456,0.497,0.535,0.56,0.565,0.565,0.562,0.537,0.519,0.506,0.505,0.544,0.612,0.624,0.598,0.556,0.521,0.525,0.482,0.4,0.602,23.826,0.76,0.16,0.467,0.428,0.403,0.394,0.396,0.409,0.467,0.534,0.402,0.34,0.511,22.739,0.88,0.19,0.551
0,0.429,0.645,0.75,0.96,0.467,0.428,0.403,0.394,0.396,0.409,0.467,0.534,0.562,0.576,0.578,0.586,0.58,0.576,0.566,0.556,0.562,0.562,0.603,0.668,0.636,0.621,0.584,0.534,0.551,0.402,0.34,0.511,22.739,0.88,0.19,0.483,0.434,0.409,0.406,0.409,0.428,0.484,0.547,0.353,0.322,0.404,20.365,0.95,0.3,0.565
1,0.571,0.677,0.75,0.96,0.483,0.434,0.409,0.406,0.409,0.428,0.484,0.547,0.59,0.595,0.599,0.606,0.604,0.592,0.582,0.575,0.578,0.582,0.617,0.669,0.652,0.636,0.578,0.536,0.565,0.353,0.322,0.404,20.365,0.95,0.3,0.485,0.439,0.413,0.401,0.406,0.431,0.488,0.543,0.302,0.236,0.382,18.026,0.63,0.2,0.551
0,0.714,0.71,0.75,0.96,0.485,0.439,0.413,0.401,0.406,0.431,0.488,0.543,0.563,0.571,0.576,0.574,0.571,0.564,0.555,0.548,0.54,0.557,0.596,0.656,0.648,0.622,0.572,0.527,0.551,0.302,0.236,0.382,18.026,0.63,0.2,0.485,0.437,0.404,0.394,0.405,0.428,0.493,0.558,0.284,0.196,0.424,15.645,0.22,0.15,0.569
0,0.857,0.742,0.75,0.96,0.485,0.437,0.404,0.394,0.405,0.428,0.493,0.558,0.59,0.602,0.593,0.587,0.592,0.584,0.581,0.569,0.574,0.577,0.622,0.692,0.685,0.661,0.603,0.556,0.569,0.284,0.196,0.424,15.645,0.22,0.15,0.505,0.454,0.42,0.413,0.413,0.439,0.511,0.577,0.316,0.193,0.471,14.035,0.1,0.11,0.576
0,1,0.774,0.75,0.96,0.505,0.454,0.42,0.413,0.413,0.439,0.511,0.577,0.601,0.605,0.605,0.601,0.595,0.588,0.574,0.566,0.566,0.566,0.617,0.704,0.697,0.663,0.608,0.554,0.576,0.316,0.193,0.471,14.035,0.1,0.11,0.517,0.468,0.434,0.419,0.42,0.439,0.468,0.518,0.331,0.2,0.487,13.997,0.2,0.12,0.561
0,0.143,0.806,0.75,0.96,0.517,0.468,0.434,0.419,0.42,0.439,0.468,0.518,0.567,0.586,0.584,0.588,0.58,0.578,0.564,0.548,0.543,0.547,0.596,0.683,0.673,0.634,0.587,0.547,0.561,0.331,0.2,0.487,13.997,0.2,0.12,0.508,0.459,0.427,0.406,0.41,0.409,0.431,0.473,0.344,0.251,0.473,14.397,0.58,0.18,0.549
0,0.286,0.839,0.75,0.96,0.508,0.459,0.427,0.406,0.41,0.409,0.431,0.473,0.522,0.572,0.578,0.576,0.578,0.563,0.551,0.528,0.53,0.536,0.602,0.669,0.674,0.652,0.603,0.556,0.549,0.344,0.251,0.473,14.397,0.58,0.18,0.499,0.458,0.422,0.412,0.411,0.442,0.522,0.579,0.336,0.233,0.469,14.942,0.19,0.11,0.585
0,0.429,0.871,0.75,0.96,0.499,0.458,0.422,0.412,0.411,0.442,0.522,0.579,0.606,0.608,0.601,0.597,0.598,0.591,0.58,0.576,0.574,0.584,0.644,0.725,0.716,0.688,0.636,0.588,0.585,0.336,0.233,0.469,14.942,0.19,0.11,0.527,0.473,0.446,0.436,0.437,0.458,0.53,0.6,0.344,0.209,0.491,15.045,0.08,0.13,0.587
1,0.571,0.903,0.75,0.96,0.527,0.473,0.446,0.436,0.437,0.458,0.53,0.6,0.618,0.611,0.599,0.6,0.595,0.583,0.571,0.573,0.556,0.567,0.626,0.708,0.707,0.675,0.63,0.58,0.587,0.344,0.209,0.491,15.045,0.08,0.13,0.528,0.479,0.445,0.436,0.443,0.472,0.539,0.613,0.347,0.213,0.5,15.316,0.08,0.14,0.599
0,0.714,0.935,0.75,0.96,0.528,0.479,0.445,0.436,0.443,0.472,0.539,0.613,0.63,0.626,0.613,0.614,0.606,0.598,0.583,0.576,0.577,0.58,0.65,0.728,0.72,0.695,0.638,0.589,0.599,0.347,0.213,0.5,15.316,0.08,0.14,0.528,0.475,0.441,0.43,0.434,0.466,0.534,0.613,0.373,0.227,0.538,15.481,0.15,0.15,0.598
0,0.857,0.968,0.75,0.96,0.528,0.475,0.441,0.43,0.434,0.466,0.534,0.613,0.626,0.616,0.608,0.609,0.612,0.604,0.584,0.583,0.58,0.582,0.648,0.73,0.722,0.696,0.637,0.591,0.598,0.373,0.227,0.538,15.481,0.15,0.15,0.536,0.48,0.446,0.432,0.442,0.467,0.54,0.599,0.404,0.267,0.582,16.171,0.02,0.14,0.593
0,1,0.032,0.833,0.96,0.536,0.48,0.446,0.432,0.442,0.467,0.54,0.599,0.617,0.612,0.61,0.609,0.615,0.592,0.584,0.574,0.576,0.58,0.639,0.715,0.7,0.681,0.626,0.574,0.593,0.404,0.267,0.582,16.171,0.02,0.14,0.532,0.485,0.444,0.436,0.435,0.451,0.48,0.538,0.407,0.293,0.571,17.229,0.26,0.12,0.571
0,0.143,0.065,0.833,0.96,0.532,0.485,0.444,0.436,0.435,0.451,0.48,0.538,0.577,0.59,0.584,0.593,0.591,0.583,0.571,0.557,0.551,0.548,0.618,0.686,0.673,0.638,0.593,0.56,0.571,0.407,0.293,0.571,17.229,0.26,0.12,0.509,0.472,0.435,0.415,0.41,0.42,0.446,0.472,0.438,0.3,0.616,17.816,0.43,0.18,0.548